Gender	Year	Name	declarations_number
M	2015	Alexandre	226
M	2015	Aurélien	27
F	2015	Brune	25
M	2015	Edouard	20
M	2015	Félix	59
F	2015	Jasmine	29
F	2015	Lisa	47
M	2015	Lorenzo	27
F	2015	Louise	292
F	2015	Marie	81
F	2015	Maxime	162
M	2015	Milan	30
M	2015	Mohammed	23
F	2015	Pauline	67
M	2015	Rafael	38
F	2015	Raphaëlle	39
F	2015	Sacha	124
M	2016	César	35
F	2016	Clara	90
F	2016	Elisa	38
F	2016	Emilie	24
M	2016	Ewen	20
F	2016	Hanna	45
F	2016	Jade	128
F	2016	Jana	20
M	2016	Jayden	20
F	2016	Joséphine	98
M	2016	Jules	151
F	2016	Julie	23
M	2016	Léopold	32
F	2016	Louise	291
F	2016	Lucile	22
F	2016	Maëlys	40
M	2016	Marcel	25
F	2016	Mariam	51
M	2016	Matthieu	29
M	2016	Mehdi	34
F	2016	Mia	73
M	2016	Noa	26
M	2016	Noham	35
M	2016	Paul	202
F	2016	Pénélope	23
M	2016	Rafaël	20
F	2016	Selma	34
M	2016	Simon	94
M	2016	Solal	48
M	2016	Tiago	26
F	2016	Yasmine	63
M	2016	Yassine	25
M	2017	Abel	63
M	2017	Anton	23
M	2017	Elie	35
F	2017	Gabrielle	100
F	2017	Héloïse	113
M	2017	Hippolyte	28
M	2017	Ismael	28
M	2017	Ismaïl	22
F	2017	Judith	20
M	2017	Maël	68
M	2017	Mohamed	174
M	2017	Pablo	26
M	2017	Pierre	56
M	2017	Samuel	116
F	2017	Talia	26
M	2017	Yanis	66
M	2018	Ali	38
F	2018	Alix	77
M	2018	Basile	100
F	2018	Brune	53
F	2018	Eden	97
F	2018	Elise	34
F	2018	Garance	47
M	2018	Haroun	28
M	2018	Hippolyte	23
M	2018	James	42
M	2018	Jean	74
F	2018	Lana	30
M	2018	Léandre	25
M	2018	Lenny	41
F	2018	Lila	39
F	2018	Liv	50
F	2018	Livia	23
M	2018	Marcus	30
M	2018	Noa	29
F	2018	Noémie	35
M	2018	Rayane	21
F	2018	Sibylle	24
M	2018	Solal	54
M	2019	Louis	271
M	2019	Oscar	133
F	2019	Juliette	123
M	2019	Côme	104
M	2019	Ethan	70
F	2019	Aya	58
F	2019	Brune	50
F	2019	Liv	49
M	2019	Henri	44
F	2019	Noa	44
F	2019	Sara	39
F	2019	Pauline	32
F	2019	Hortense	31
M	2019	Milan	29
M	2019	Aurèle	27
M	2019	Mehdi	24
F	2019	Mahaut	24
F	2019	Mya	23
M	2019	Ilan	21
F	2020	Adèle	118
M	2020	Axel	90
M	2020	Maël	89
F	2020	Ambre	89
M	2020	Camille	70
M	2020	Anas	52
F	2020	Giulia	47
M	2020	Robin	45
F	2020	Isaure	44
F	2020	Maria	44
M	2020	Ernest	37
F	2020	Selma	31
F	2020	Lisa	30
M	2020	Noa	29
M	2020	Léandre	27
M	2020	Roman	25
F	2020	Lena	23
M	2020	Iyad	20
M	2021	Adam	250
M	2021	Noah	191
F	2021	Emma	178
M	2021	Hugo	134
F	2021	Ambre	77
F	2021	Apolline	66
F	2021	Raphaëlle	50
M	2021	Alexis	47
M	2021	Youssef	46
F	2021	Éléonore	45
F	2021	Anouk	38
M	2021	Jad	35
F	2021	Naomi	34
M	2021	Elliot	27
M	2021	Gaston	27
M	2021	Vadim	26
M	2021	Orso	25
M	2021	Amadou	20
M	2021	Ousmane	20
M	2015	Achille	45
M	2015	Arthur	246
F	2015	Garance	61
F	2015	Imane	22
M	2015	Louis	258
F	2015	Maïssa	23
M	2015	Mohamed	185
F	2015	Mya	20
F	2015	Naëlle	20
M	2015	Noam	55
M	2015	Ousmane	24
M	2015	Rayane	26
F	2015	Selma	25
M	2015	Tristan	36
F	2015	Valentine	89
F	2016	Agathe	88
F	2016	Aïcha	36
F	2016	Alma	71
F	2016	Ambre	55
F	2016	Andrea	50
F	2016	Ava	87
F	2016	Awa	28
F	2016	Emy	24
M	2016	Imran	45
F	2016	Iris	92
F	2016	Léa	156
M	2016	Luka	21
F	2016	Maya	92
F	2016	Noémie	46
F	2016	Olivia	119
F	2016	Sofia	110
F	2016	Stella	38
M	2016	Timothée	73
M	2017	Alexandre	168
F	2017	Alia	21
F	2017	Aliénor	20
F	2017	Alix	103
F	2017	Augustine	28
F	2017	Aya	61
F	2017	Bérénice	31
F	2017	Chiara	22
M	2017	Élie	20
M	2017	Georges	51
M	2017	Ibrahim	90
F	2017	Jasmine	26
M	2017	Kaïs	44
M	2017	Leo	21
F	2017	Louisa	30
F	2017	Mia	87
M	2017	Nathan	120
M	2017	Nils	25
M	2017	Noah	155
M	2017	Noham	37
M	2017	Paul	204
F	2017	Selma	38
F	2017	Victoire	102
M	2018	Alexis	57
M	2018	Amir	84
F	2018	Andréa	37
M	2018	Emmanuel	33
M	2018	Ernest	37
F	2018	Esther	40
M	2018	Ethan	100
F	2018	Hana	26
F	2018	Héloïse	76
F	2018	Ilyana	21
M	2018	Ilyes	48
F	2018	Jade	109
F	2018	Jenna	20
M	2018	Jules	119
F	2018	Laura	36
M	2018	Lucas	148
M	2018	Lyam	21
M	2018	Maël	100
M	2018	Naël	68
F	2018	Nelya	28
M	2018	Ousmane	21
M	2018	Sasha	20
M	2018	Saul	22
M	2018	Wassim	40
F	2018	Yasmine	67
M	2019	Adam	292
M	2019	Maxime	105
M	2019	Samuel	104
M	2019	Aaron	103
M	2019	Marius	100
M	2019	Basile	99
M	2019	Naël	74
F	2019	Pia	57
M	2019	Moussa	54
M	2019	Ayoub	40
M	2019	Edgar	36
F	2019	Thaïs	33
F	2019	Elise	32
M	2019	Djibril	30
M	2019	Ezra	29
M	2019	Jayden	29
F	2019	Louna	28
F	2019	Lara	27
F	2019	Bintou	26
M	2019	Amaury	22
F	2019	Bianca	22
F	2019	Célestine	22
F	2019	Laura	22
M	2019	Matteo	21
M	2019	Luka	20
M	2020	Mohamed	188
M	2020	Léo	162
F	2020	Rose	136
M	2020	Côme	109
M	2020	Aaron	98
F	2020	Victoire	97
F	2020	Agathe	77
F	2020	Inaya	64
F	2020	Aminata	52
M	2020	Achille	51
M	2020	Solal	51
F	2020	Yasmine	49
F	2020	Albane	45
M	2020	Elie	44
M	2020	Evan	44
F	2020	Noa	43
F	2020	Thelma	38
F	2020	Élise	31
M	2020	Jacob	28
F	2020	Lyna	24
M	2020	Adama	22
F	2021	Rose	133
F	2021	Julia	86
M	2021	Octave	82
F	2021	Mia	72
M	2021	Malo	68
F	2021	Mariam	63
M	2021	Adrien	55
M	2021	Sohan	39
M	2021	Joachim	34
F	2021	Léonore	33
F	2021	Dina	28
F	2021	Livia	28
F	2021	Rita	27
M	2021	Kylian	25
M	2021	Adrian	23
F	2021	Sibylle	22
M	2021	Lyam	22
F	2021	Louison	21
F	2021	Jenna	20
M	2021	Yassine	20
M	2015	Ahmed	33
F	2015	Anaïs	98
M	2015	Anas	28
F	2015	Daphné	34
M	2015	Elliot	24
M	2015	Hugo	117
F	2015	Jade	114
M	2015	Jayden	23
M	2015	Kaïs	48
M	2015	Léo	128
M	2015	Léonard	74
F	2015	Liv	30
M	2015	Mathias	31
F	2015	Noa	46
M	2015	Omar	27
M	2015	Oscar	133
M	2015	Roméo	23
M	2015	Samuel	104
M	2015	Samy	35
F	2015	Sasha	56
F	2015	Sophia	58
M	2015	Timothé	25
M	2015	Younes	27
F	2015	Zoé	118
M	2016	Achille	56
M	2016	Armand	38
M	2016	Aurélien	22
F	2016	Blanche	38
M	2016	Grégoire	22
M	2016	Issa	45
M	2016	Joseph	175
F	2016	Julia	91
M	2016	Kaïs	38
F	2016	Lana	42
M	2016	Léandre	23
M	2016	Léonard	49
M	2016	Lorenzo	25
F	2016	Maryam	31
M	2016	Mathis	69
F	2016	Mélissa	26
F	2016	Noah	145
F	2016	Nour	72
M	2016	Pierre	43
M	2016	Raphaël	342
F	2016	Sarah	164
M	2016	Tristan	41
M	2017	Adrien	72
F	2017	Aïcha	50
M	2017	Ambroise	21
F	2017	Amira	22
M	2017	Augustin	161
F	2017	Awa	26
M	2017	Aymen	27
F	2017	Billie	20
F	2017	Elisa	45
M	2017	Ernest	46
F	2017	Eva	101
M	2017	Hadrien	30
M	2017	Issa	39
M	2017	Jayden	28
M	2017	Julien	22
M	2017	Luka	22
F	2017	Madeleine	64
M	2017	Malik	20
F	2017	Margaux	105
F	2017	Mariam	55
M	2017	Mathias	20
M	2017	Matthieu	20
M	2017	Nassim	28
M	2017	Souleymane	25
F	2017	Thelma	32
M	2017	Ulysse	64
F	2017	Violette	20
F	2018	Awa	25
F	2018	Castille	23
F	2018	Constance	48
F	2018	Fatou	21
M	2018	Hamza	33
M	2018	Imran	39
F	2018	Léonie	77
F	2018	Lola	30
M	2018	Mamadou	30
M	2018	Oscar	146
M	2018	Roméo	30
F	2018	Selma	23
M	2018	Victor	206
M	2019	Arthur	282
M	2019	Alexandre	157
F	2019	Nina	124
F	2019	Victoire	114
M	2019	Thomas	76
F	2019	Céleste	66
M	2019	Ayden	60
M	2019	Eden	60
M	2019	Robin	52
F	2019	Albane	36
F	2019	Blanche	36
F	2019	Daphné	36
F	2019	Assia	33
M	2019	Noa	30
F	2019	Faustine	29
F	2019	Louisa	28
M	2019	Roman	25
F	2019	Billie	25
M	2019	Jacob	23
M	2019	Marc	23
M	2019	Théophile	23
M	2019	Thibault	22
F	2019	Oumou	20
F	2019	Stella	20
F	2021	Jeanne	138
M	2021	Alexandre	134
F	2021	Ava	124
F	2021	Nina	117
M	2021	Noé	114
M	2021	Basile	98
F	2021	Jade	93
M	2021	Martin	90
F	2021	Giulia	69
F	2021	Manon	60
F	2021	Lucie	59
M	2021	Pablo	47
M	2021	Ezra	45
M	2021	Marcel	44
F	2021	Aïcha	43
F	2021	Elena	42
M	2021	Elie	40
F	2021	Olympe	37
M	2021	Aurèle	34
M	2021	Jacques	32
M	2021	Hamza	31
F	2021	Pénélope	26
F	2021	Zélie	25
F	2021	Judith	24
F	2021	Amina	23
F	2021	Lena	22
F	2021	Astrid	21
F	2021	Jana	21
M	2020	Adam	285
F	2020	Louise	208
M	2020	Basile	117
M	2020	Auguste	98
F	2020	Lucie	62
F	2020	Madeleine	48
M	2020	Youssef	46
F	2020	Éléonore	38
M	2020	Elio	36
M	2020	Aurèle	34
M	2020	Kaïs	32
F	2020	Elisa	32
F	2020	Hannah	32
F	2020	Jannah	30
M	2020	Kylian	27
M	2020	Gaston	25
M	2020	Nael	25
F	2020	Ana	24
F	2020	Sara	23
F	2020	Emilie	22
M	2020	Aboubacar	21
M	2020	Isaïah	21
F	2020	Anastasia	20
F	2015	Aliénor	20
F	2015	Amélie	22
M	2015	Andrea	33
M	2015	Axel	89
M	2015	Baptiste	69
F	2015	Céleste	48
M	2015	Daniel	44
M	2015	David	81
M	2015	Djibril	27
F	2015	Elena	50
F	2015	Eléonore	39
M	2015	Émile	29
M	2015	Enzo	88
F	2015	Hannah	28
F	2015	Héloïse	93
F	2015	Ines	37
F	2015	Isaure	31
M	2015	James	36
F	2015	Louison	32
M	2015	Lucien	64
M	2015	Maxence	74
M	2015	Milo	45
F	2015	Noémie	50
M	2015	Raphaël	320
F	2015	Sara	52
F	2015	Sophie	46
M	2015	Zakaria	37
F	2016	Adèle	115
M	2016	Ali	50
F	2016	Aline	20
F	2016	Amina	33
F	2016	Assia	46
F	2016	Chloé	180
F	2016	Clémence	73
M	2016	David	66
F	2016	Elena	39
M	2016	Gabriel	370
M	2016	Ibrahima	23
M	2016	Mathys	20
F	2016	Maxime	163
M	2016	Noam	62
F	2016	Océane	27
M	2016	Souleymane	24
F	2016	Victoria	114
M	2017	Abdoulaye	23
F	2017	Adèle	125
F	2017	Anaïs	86
M	2017	Auguste	76
M	2017	Charlie	27
M	2017	Elijah	25
F	2017	Emma	173
M	2017	Gabriel	379
M	2017	Idriss	32
F	2017	Lana	29
F	2017	Léa	141
F	2017	Lina	145
M	2017	Loup	27
F	2017	Luna	38
F	2017	Nour	69
M	2017	Ruben	30
M	2017	Sami	27
M	2017	Samy	43
M	2017	Tristan	31
F	2018	Agathe	101
M	2018	Alex	21
F	2018	Alia	20
F	2018	Alma	115
M	2018	Amine	31
M	2018	Anis	22
F	2018	Anouk	52
F	2018	Aurore	21
F	2018	Célia	23
F	2018	Chloé	181
F	2018	Elisa	32
F	2018	Emna	22
F	2018	Eva	120
F	2018	Fatoumata	70
F	2018	Faustine	30
F	2018	Hawa	33
F	2018	Hortense	24
F	2018	Inaya	50
F	2018	Isaure	39
F	2018	Manon	82
F	2018	Maxine	23
F	2018	Oumou	23
F	2018	Sixtine	24
M	2018	Timothée	80
M	2018	Yanis	54
M	2018	Youssouf	26
F	2019	Joséphine	133
F	2019	Rose	131
F	2019	Apolline	80
F	2019	Héloïse	80
M	2019	Timothée	77
M	2019	Mathis	71
F	2019	Margot	69
M	2019	Milo	63
F	2019	Mariam	53
M	2019	Anatole	43
M	2019	Mathias	40
F	2019	Thelma	39
M	2019	Vadim	37
M	2019	Marcel	35
M	2019	Pablo	30
M	2019	Younes	30
F	2019	Maïssa	25
F	2019	Amina	24
M	2019	Souleymane	23
M	2019	Ambroise	21
F	2019	Ellie	21
F	2019	June	20
F	2019	Valentina	20
M	2020	Gaspard	156
M	2020	Noah	146
F	2020	Jeanne	140
F	2020	Sofia	102
F	2020	Sarah	99
M	2020	Antoine	94
M	2020	Simon	88
M	2020	Eliott	87
F	2020	Fatoumata	70
F	2020	Camille	66
M	2020	Ilyan	65
M	2020	Gustave	64
M	2020	Tom	60
M	2020	Enzo	51
F	2020	Valentine	47
F	2020	Sasha	44
F	2020	Lola	38
F	2020	Assia	35
F	2020	Naomi	35
M	2020	Lyam	29
M	2020	Younes	29
F	2020	Maïa	27
M	2020	Owen	26
F	2021	Anna	150
F	2021	Alice	129
F	2021	Zoé	119
M	2021	Côme	101
F	2021	Juliette	95
M	2021	Camille	89
F	2021	Mila	79
F	2021	Fatoumata	77
F	2021	Camille	62
M	2021	Léopold	49
F	2021	Aya	46
M	2021	Charlie	43
F	2021	Thaïs	41
F	2021	Isaure	39
F	2021	Lily	35
F	2021	Nelya	30
M	2021	Amine	27
M	2021	Ambroise	26
F	2021	Aliya	20
F	2021	Liya	20
M	2015	Aylan	31
M	2015	Diego	21
M	2015	Ethan	131
M	2015	Gaston	23
F	2015	Hanna	43
F	2015	Hawa	25
F	2015	Léa	143
F	2015	Lilia	27
F	2015	Lou	108
M	2015	Marc	28
M	2015	Mehdi	38
M	2015	Nassim	31
M	2015	Quentin	33
M	2016	Alexis	73
M	2016	Anas	30
M	2016	Anatole	45
F	2016	Andréa	24
M	2016	Arsène	44
M	2016	Auguste	68
M	2016	Corentin	21
M	2016	Ethan	119
F	2016	Hana	31
F	2016	Inaya	45
F	2016	Lise	37
F	2016	Liv	42
M	2016	Mamadou	28
F	2016	Margot	75
F	2016	Maria	42
M	2016	Noé	94
F	2016	Norah	20
M	2016	Robin	57
M	2016	Victor	197
M	2016	Yacine	25
M	2016	Younes	41
M	2016	Zacharie	26
F	2017	Alexandra	23
F	2017	Alya	36
M	2017	Antoine	138
M	2017	Arsène	35
F	2017	Diane	71
F	2017	Dina	23
M	2017	Ethan	108
M	2017	Ilyan	24
F	2017	Inaya	57
F	2017	Juliette	124
F	2017	Kenza	21
F	2017	Laura	33
F	2017	Lily	38
F	2017	Lou	122
M	2017	Robin	71
M	2017	Vadim	34
F	2018	Augustine	25
M	2018	Eden	62
M	2018	Ezra	24
F	2018	Fanta	21
F	2018	Léa	156
F	2018	Lena	24
F	2018	Luna	54
F	2018	Mia	94
M	2018	Nicolas	30
F	2018	Rose	158
F	2018	Roxane	56
F	2018	Salomé	48
M	2018	Théo	50
M	2018	Tristan	45
M	2018	Yacine	24
F	2019	Jeanne	195
M	2019	Léon	181
M	2019	Clément	72
F	2019	Fatoumata	63
M	2019	Théodore	56
F	2019	Sasha	43
M	2019	Armand	40
M	2019	Ernest	40
M	2019	Elie	38
M	2019	Idriss	38
M	2019	Lenny	38
M	2019	Joachim	37
M	2019	Jacques	36
M	2019	Omar	35
M	2019	Alban	32
M	2019	Antonin	32
F	2019	Ariane	26
F	2019	Mina	25
F	2019	Talia	22
M	2020	Alexandre	142
F	2020	Alix	103
F	2020	Juliette	103
F	2020	Mia	89
M	2020	Naël	87
M	2020	Abel	67
F	2020	Céleste	63
F	2020	Mariam	60
M	2020	Clément	57
M	2020	Théodore	52
M	2020	Lucien	50
M	2020	Ahmed	44
M	2020	Nino	37
M	2020	Pablo	37
M	2020	Roméo	37
M	2020	Jad	36
F	2020	Thaïs	36
F	2020	Esther	33
M	2020	Idriss	31
M	2020	Jonas	31
F	2020	Emy	30
M	2020	Lazare	22
F	2020	Chiara	22
M	2020	Mathias	21
F	2020	Yaël	21
F	2020	Valentina	20
F	2021	Gabrielle	131
F	2021	Margaux	82
M	2021	Jean	57
F	2021	Hanna	47
M	2021	Elias	43
F	2021	Maryam	42
F	2021	Nora	42
F	2021	Alicia	31
F	2021	Aliénor	29
M	2021	Jonas	29
F	2021	Jasmine	27
F	2021	Lise	27
F	2021	Paloma	27
M	2021	Youssouf	27
F	2021	Mina	26
M	2021	Ibrahima	23
M	2021	Isaïah	23
M	2021	Kassim	23
F	2021	Laura	21
F	2021	Maëlys	21
F	2021	Oumou	21
M	2015	Adrien	88
F	2015	Aline	21
M	2015	Anis	24
F	2015	Anna	160
M	2015	Basile	84
F	2015	Clémence	89
F	2015	Ella	42
F	2015	Emilie	33
M	2015	Emmanuel	33
F	2015	Emy	20
M	2015	Ibrahim	72
M	2015	Ilian	20
M	2015	Ilyes	45
M	2015	Issa	29
M	2015	Jacques	25
F	2015	Lena	31
M	2015	Léopold	30
M	2015	Nael	27
M	2015	Nils	25
F	2015	Olivia	108
M	2015	Owen	21
F	2015	Paola	20
F	2015	Romane	93
F	2015	Sarah	174
F	2015	Sixtine	20
M	2015	Vadim	43
M	2015	Youssef	65
F	2016	Alexandra	28
M	2016	Ambroise	24
F	2016	Anaëlle	24
F	2016	Asma	20
F	2016	Camille	217
M	2016	Clément	88
F	2016	Elise	52
F	2016	Élise	41
F	2016	Elya	26
M	2016	Enzo	88
M	2016	Henri	40
F	2016	Inès	166
M	2016	Ismaël	100
M	2016	Lino	25
F	2016	Madeleine	74
M	2016	Mouhamed	23
M	2016	Moussa	41
F	2016	Pia	29
F	2016	Raphaëlle	41
M	2016	Thibault	31
F	2016	Violette	25
F	2016	Zélie	41
F	2017	Chloé	191
F	2017	Claire	23
F	2017	Clémence	60
M	2017	Diego	23
F	2017	Ella	47
M	2017	Jonas	36
F	2017	Lilia	26
F	2017	Liv	44
M	2017	Marceau	59
M	2017	Naïm	38
F	2017	Naomi	30
F	2017	Sacha	147
M	2017	Sohan	21
M	2017	Stanislas	29
M	2017	Théo	68
F	2018	Aliénor	25
F	2018	Anna	177
M	2018	Baptiste	66
M	2018	Charles	74
M	2018	Côme	85
F	2018	Diane	83
M	2018	Edgar	43
M	2018	Elliot	23
M	2018	Evan	52
M	2018	Gabriel	338
F	2018	Hanna	42
F	2018	Lilia	30
F	2018	Lina	147
F	2018	Louison	33
F	2018	Madeleine	71
F	2018	Maëlle	21
M	2018	Milan	23
M	2018	Naïm	43
F	2018	Noa	57
M	2018	Noé	103
M	2018	Octave	63
M	2018	Owen	25
M	2018	Pablo	39
F	2018	Sophia	48
F	2018	Victoire	129
M	2019	Gaspard	164
M	2019	Hugo	127
M	2019	Augustin	115
F	2019	Olivia	106
F	2019	Suzanne	82
M	2019	Léopold	52
F	2019	Elsa	49
F	2019	Marie	47
M	2019	Naïm	45
F	2019	Maria	45
M	2019	Nicolas	43
M	2019	Roméo	40
M	2019	Nino	34
F	2019	Aliyah	34
M	2019	Nathanaël	30
F	2019	Hana	28
M	2019	Aurélien	22
M	2019	Hippolyte	21
F	2019	Célia	21
F	2019	Eloïse	21
F	2019	Naya	20
F	2021	Louise	217
F	2021	Alma	207
M	2021	Joseph	178
M	2021	Aylan	68
F	2021	Céleste	59
M	2021	Valentin	58
F	2021	Clara	57
F	2021	Luna	55
M	2021	Ali	55
M	2021	Lucien	53
M	2021	Marin	49
M	2021	Henri	42
M	2021	Zayn	41
M	2021	Ayoub	38
M	2021	Daniel	37
F	2021	Awa	34
M	2021	Nicolas	34
M	2021	Noa	27
M	2021	Hadrien	25
M	2021	Zacharie	25
F	2021	Bianca	23
F	2021	Fanta	22
F	2021	Selma	22
M	2021	Andréa	22
M	2021	Zakaria	22
F	2021	Emna	20
M	2020	Arthur	242
F	2020	Alma	159
F	2020	Romy	114
M	2020	Martin	81
M	2020	Amir	76
M	2020	Mathis	69
F	2020	Maya	68
F	2020	Alba	64
M	2020	Léopold	60
M	2020	Milo	49
F	2020	Luna	43
F	2020	Pia	43
F	2020	Noémie	41
M	2020	Max	28
F	2020	Hawa	25
F	2015	Alix	89
F	2015	Aminata	33
F	2015	Eugénie	23
M	2015	Georges	31
M	2015	Henri	46
M	2015	Julien	31
F	2015	Juliette	149
F	2015	Laura	58
F	2015	Lola	47
M	2015	Luca	32
M	2015	Matteo	35
F	2015	Mélina	25
F	2015	Myriam	41
M	2015	Naël	84
M	2015	Nino	24
F	2015	Nour	79
M	2015	Ulysse	67
M	2016	Aboubacar	20
M	2016	Adrien	74
M	2016	Diego	23
M	2016	Émile	22
M	2016	Ernest	32
M	2016	Joshua	29
M	2016	Lucas	157
F	2016	Mathilde	103
M	2016	Maxence	78
F	2016	Mila	116
M	2016	Nils	25
M	2016	Nino	30
F	2016	Noa	59
M	2016	Ryan	23
F	2016	Sara	43
M	2016	Thomas	99
F	2017	Alice	201
M	2017	Anatole	36
M	2017	Andrea	44
M	2017	Eden	56
F	2017	Hana	23
M	2017	Ilyes	42
F	2017	Léna	63
F	2017	Louise	221
M	2017	Lucien	56
M	2017	Marc	29
F	2017	Marie	63
F	2017	Myriam	33
M	2017	Nicolas	37
M	2017	Nolan	59
F	2017	Raphaëlle	40
M	2017	Simon	96
F	2017	Sophia	45
M	2017	Tiago	23
M	2018	Alban	20
M	2018	Anton	22
M	2018	Aylan	33
F	2018	Bianca	21
F	2018	Eloïse	22
F	2018	Emma	189
M	2018	Ferdinand	20
M	2018	Gabin	51
M	2018	Ilyas	25
M	2018	Léo	143
F	2018	Léonore	37
F	2018	Lou	97
F	2018	Louna	22
M	2018	Luka	23
M	2018	Marceau	66
F	2018	Maryam	43
F	2018	Mathilde	67
F	2018	Olivia	110
M	2018	Paul	203
F	2018	Raphaëlle	41
M	2018	Simon	108
M	2018	Tom	46
F	2019	Louise	223
M	2019	Noah	166
F	2019	Zoé	110
F	2019	Julia	84
M	2019	Amir	79
F	2019	Margaux	72
F	2019	Clémence	56
F	2019	Capucine	48
M	2019	Ilyes	46
F	2019	Eléonore	36
F	2019	Dina	28
M	2019	Owen	26
M	2019	Amadou	20
M	2019	Loup	20
F	2020	Jade	125
M	2020	Liam	104
M	2020	Marceau	76
F	2020	Léna	64
M	2020	Yanis	62
M	2020	Andrea	61
M	2020	Elias	54
M	2020	César	51
F	2020	Brune	44
F	2020	Raphaëlle	44
M	2020	Marcel	39
F	2020	Daphné	36
F	2020	Eden	32
F	2020	Ines	31
M	2020	Samy	26
F	2020	Bintou	23
F	2020	Paloma	23
F	2020	Emna	22
F	2020	Dina	21
M	2020	Cheick	20
M	2020	Zayn	20
F	2020	Castille	20
F	2020	Faustine	20
M	2021	Léo	166
M	2021	Ibrahim	117
M	2021	Antoine	94
F	2021	Roxane	48
F	2021	Lana	35
F	2021	Louisa	34
F	2021	Elise	30
F	2021	Elsa	29
F	2021	Talia	28
F	2021	Sara	26
F	2021	Sixtine	25
F	2021	Jennah	23
M	2021	Malik	22
F	2015	Andrea	41
M	2015	Ayoub	53
M	2015	Côme	83
F	2015	Eden	73
F	2015	Elisa	44
F	2015	Élise	32
F	2015	Eloïse	27
F	2015	Eva	140
M	2015	Gabriel	355
F	2015	Inaya	47
F	2015	Léonie	69
F	2015	Louna	21
M	2015	Lyam	20
M	2015	Maël	74
M	2015	Mamadou	36
F	2015	Maryam	43
F	2015	Mila	132
M	2015	Robin	61
F	2015	Thaïs	31
M	2015	Théo	71
M	2015	Tom	55
F	2015	Valentina	20
M	2016	Ahmed	36
F	2016	Alba	20
F	2016	Aminata	41
F	2016	Anouk	53
M	2016	Arthur	247
M	2016	Balthazar	27
M	2016	Basile	82
F	2016	Céleste	41
F	2016	Emmy	24
F	2016	Fanta	28
M	2016	Ismael	24
F	2016	Louisa	29
F	2016	Manon	116
F	2016	Mina	21
M	2016	Nathanaël	28
M	2016	Samuel	117
M	2016	Sasha	31
F	2016	Sirine	31
M	2016	Youssef	50
M	2016	Zakaria	29
F	2017	Adélaïde	21
M	2017	Anas	33
M	2017	Aylan	38
F	2017	Blanche	30
M	2017	Charles	87
F	2017	Daphné	37
F	2017	Eden	89
F	2017	Eléonore	26
M	2017	Emile	22
M	2017	Émile	29
M	2017	Evan	59
F	2017	Garance	56
F	2017	Irène	20
M	2017	Lenny	37
F	2017	Lila	44
F	2017	Lise	37
F	2017	Maëlys	25
F	2017	Malak	22
F	2017	Pauline	51
F	2017	Romy	85
F	2017	Sasha	74
F	2017	Sirine	24
M	2017	Théodore	23
F	2017	Yasmine	50
F	2018	Alexandra	21
M	2018	Anas	25
F	2018	Apolline	95
M	2018	Aurélien	20
F	2018	Ava	86
F	2018	Aya	58
M	2018	Edouard	34
F	2018	Elena	58
M	2018	Gaspard	160
F	2018	Lise	31
M	2018	Louis	242
F	2018	Margaux	84
F	2018	Margot	71
M	2018	Marius	104
M	2018	Martin	110
M	2018	Matteo	26
F	2018	Maxime	119
M	2018	Milo	54
F	2018	Nour	92
F	2018	Sasha	74
F	2018	Thelma	24
M	2018	Théodore	49
M	2018	Ulysse	57
F	2018	Valentina	27
M	2018	Zakaria	30
F	2019	Chloé	177
F	2019	Adèle	133
F	2019	Lina	127
F	2019	Gabrielle	123
F	2019	Eva	112
M	2019	Nathan	107
F	2019	Lucie	83
F	2019	Madeleine	71
F	2019	Mathilde	64
F	2019	Aïcha	53
F	2019	Constance	51
M	2019	Malo	50
F	2019	Valentine	50
F	2019	Roxane	49
F	2019	Isaure	40
F	2019	Castille	37
F	2019	Elisabeth	27
F	2019	Lyna	26
M	2019	Charlie	23
F	2019	Aurore	22
M	2019	Aymen	21
F	2019	Clarisse	20
F	2019	Rachel	20
F	2020	Alice	162
F	2020	Nour	79
M	2020	Octave	77
M	2020	Georges	51
M	2020	Joshua	40
M	2020	Mamadou	40
F	2020	Capucine	38
F	2020	Lilia	28
F	2020	Myriam	28
M	2020	Ruben	26
F	2020	Elise	25
F	2020	Livia	22
F	2020	Cassandre	21
F	2020	Aurore	20
F	2020	Ysé	20
M	2021	Isaac	187
F	2021	Agathe	98
F	2021	Léonie	83
M	2021	Théo	71
F	2021	Aminata	61
F	2021	Léna	58
M	2021	Ayden	58
F	2021	Garance	53
M	2021	Théodore	50
M	2021	Baptiste	36
M	2021	Armand	35
M	2021	Ernest	34
M	2021	James	34
M	2021	Samy	31
M	2021	Djibril	30
M	2021	Alban	29
F	2021	Flora	22
M	2015	Abel	47
M	2015	Alexis	70
F	2015	Alma	61
M	2015	Amaury	36
M	2015	Anton	36
M	2015	Elias	64
F	2015	Esther	34
F	2015	Irène	20
M	2015	Isaac	87
F	2015	Jenna	24
M	2015	Marceau	42
F	2015	Maria	37
M	2015	Maximilien	32
M	2015	Pierre	54
M	2015	William	59
M	2015	Yassine	22
M	2015	Zacharie	22
M	2016	Aaron	97
F	2016	Apolline	116
M	2016	Axel	79
M	2016	Benjamin	58
F	2016	Bérénice	36
F	2016	Castille	22
F	2016	Charlotte	144
F	2016	Colette	20
M	2016	Hippolyte	21
F	2016	Lison	32
F	2016	Marie	61
M	2016	Nael	35
M	2016	Nathan	116
M	2016	Nicolas	42
F	2016	Olympe	35
M	2016	Omar	27
M	2016	Oscar	127
M	2016	Roméo	27
M	2016	Ruben	36
F	2016	Sixtine	28
F	2016	Sophia	48
M	2016	Tom	53
M	2016	Vincent	20
F	2016	Zoé	120
M	2017	Alban	20
M	2017	David	56
M	2017	Edouard	26
M	2017	Elliot	27
F	2017	Elya	20
M	2017	Enzo	70
F	2017	Fanta	25
F	2017	Iris	115
F	2017	Lena	25
M	2017	Liam	122
F	2017	Manel	33
M	2017	Marius	78
M	2017	Mathis	87
M	2017	Maxime	109
M	2017	Mehdi	23
M	2017	Noam	57
F	2017	Océane	24
M	2018	Achille	51
M	2018	Andrea	50
F	2018	Assia	49
M	2018	Aurèle	29
F	2018	Axelle	20
M	2018	Charlie	20
M	2018	Clément	80
F	2018	Colette	27
F	2018	Giulia	50
F	2018	Ines	29
M	2018	Isaac	146
M	2018	Issa	55
M	2018	Maxime	102
F	2018	Pia	34
M	2018	Sacha	142
F	2018	Soline	20
M	2018	Souleymane	30
F	2019	Mila	111
M	2019	Martin	100
M	2019	Camille	97
F	2019	Lou	96
F	2019	Ava	87
M	2019	Simon	86
F	2019	Léonie	76
F	2019	Yasmine	67
F	2019	Giulia	50
F	2019	Esther	47
M	2019	Ali	46
M	2019	Ismael	46
M	2019	Anas	37
M	2019	Émile	35
F	2019	Olympe	35
F	2019	Eden	33
F	2019	Myriam	33
M	2019	Zacharie	27
M	2019	Oumar	26
F	2019	Kenza	25
F	2019	Zélie	25
F	2019	Emna	22
F	2019	Maëlys	22
M	2019	Gaston	21
F	2019	Léonore	21
M	2021	Gabriel	357
F	2021	Ella	104
F	2021	Romane	72
F	2021	Thelma	54
M	2021	Imran	53
F	2021	Madeleine	51
F	2021	Billie	48
M	2021	Elio	44
M	2021	Anas	39
F	2021	Chiara	32
M	2021	Nael	32
M	2021	Jayden	31
M	2021	Mamadou	31
M	2021	Marcus	31
M	2021	Matteo	29
F	2021	Eléonore	28
M	2021	Loup	24
F	2021	Aliyah	23
F	2021	Axelle	23
F	2021	Violette	23
F	2021	Ysée	23
M	2021	Raphael	23
F	2021	Anaëlle	22
M	2021	Diego	21
M	2020	Isaac	175
F	2020	Chloé	141
F	2020	Charlotte	114
F	2020	Anouk	43
F	2020	Nora	43
F	2020	Lise	35
F	2020	Stella	34
F	2020	Louisa	31
M	2020	Omar	30
F	2020	Colette	27
F	2020	Nelya	25
F	2020	Lilya	22
M	2015	Antoine	166
M	2015	Camille	85
F	2015	Elie	36
F	2015	Elsa	73
M	2015	Hippolyte	25
M	2015	Ibrahima	22
F	2015	Lina	141
F	2015	Maëlle	24
M	2015	Martin	122
F	2015	Mélissa	27
F	2015	Olympe	21
F	2015	Pia	29
F	2015	Sirine	33
F	2015	Victoria	134
M	2016	Amaury	27
F	2016	Bianca	21
F	2016	Claire	21
F	2016	Daphné	38
M	2016	Djibril	25
F	2016	Émilie	24
F	2016	Estelle	20
F	2016	Fatima	46
F	2016	Fatoumata	61
M	2016	Hamza	31
M	2016	Hector	55
F	2016	Justine	27
M	2016	Liam	129
M	2016	Lucien	59
F	2016	Mahaut	22
M	2016	Romain	29
F	2016	Swann	24
M	2016	Théo	57
F	2016	Victoire	92
M	2017	Achille	51
F	2017	Charlie	84
M	2017	Eliott	95
F	2017	Fatima	35
M	2017	Henri	47
F	2017	Inès	163
F	2017	Khadija	23
F	2017	Rose	144
F	2017	Sarah	159
F	2018	Albane	30
F	2018	Andrea	61
F	2018	Ariane	20
F	2018	Charlotte	153
M	2018	Corentin	25
F	2018	Élise	37
F	2018	Fatima	28
M	2018	Félix	70
M	2018	Hadrien	30
M	2018	Ismaël	93
F	2018	Jeanne	187
F	2018	Léna	62
F	2018	Lily	34
F	2018	Louise	226
F	2018	Lyna	27
F	2018	Mya	21
F	2018	Ninon	20
F	2018	Norah	20
M	2018	Robin	46
F	2018	Thaïs	36
M	2018	Yassine	26
F	2019	Alma	152
M	2019	Lucas	141
M	2019	Liam	114
M	2019	Auguste	105
F	2019	Camille	87
M	2019	Léonard	78
F	2019	Inaya	65
M	2019	David	61
F	2019	Garance	60
M	2019	Marin	58
F	2019	Aminata	55
M	2019	Nolan	53
F	2019	Anouk	52
M	2019	Aylan	40
M	2019	Balthazar	37
F	2019	Lise	37
M	2019	Noam	36
F	2019	Lily	36
M	2019	Wassim	35
M	2019	Noham	32
F	2019	Fanta	29
F	2019	Naomi	29
M	2019	Max	28
F	2019	Lilia	28
F	2019	Nelya	28
M	2019	Lyam	26
M	2019	Tiago	24
F	2021	Sarah	101
M	2021	Axel	84
M	2021	Amir	77
M	2021	Ethan	75
M	2021	Abel	70
F	2021	Lila	60
M	2021	Robin	59
M	2021	Georges	57
M	2021	Noam	54
M	2021	Milo	49
M	2021	Kaïs	48
F	2021	Sasha	37
F	2021	Faustine	34
F	2021	Blanche	27
M	2021	Leo	25
F	2021	Elya	21
M	2020	Louis	246
M	2020	Lucas	139
M	2020	Hugo	115
F	2020	Léonie	76
F	2020	Clémence	54
F	2020	Margot	54
M	2020	Marin	48
M	2020	Ayoub	47
M	2020	William	45
F	2020	Ellie	39
M	2020	Joachim	33
F	2020	Aliénor	30
F	2020	Amina	30
M	2020	Youssouf	29
F	2020	Awa	27
M	2020	Matthieu	26
M	2020	Nathanaël	25
M	2020	Nahil	22
F	2020	Ariane	21
M	2015	Aaron	73
M	2015	Abdoulaye	21
M	2015	Adel	24
M	2015	Arsène	28
F	2015	Bérénice	38
F	2015	Camille	234
F	2015	Chloé	206
F	2015	Elia	35
F	2015	Elise	46
M	2015	Haroun	24
M	2015	Ilyas	23
F	2015	Iris	69
F	2015	Jana	27
M	2015	Naïm	30
F	2015	Naomi	34
F	2015	Nina	115
M	2015	Noé	110
F	2015	Pénélope	28
M	2015	Sacha	116
M	2015	Valentin	71
F	2015	Victoire	83
M	2015	Victor	208
M	2016	Adam	353
M	2016	Alban	23
M	2016	Alexandre	196
F	2016	Alix	87
F	2016	Anaïs	93
F	2016	Aya	47
M	2016	Aylan	36
M	2016	Baptiste	82
M	2016	Camille	83
F	2016	Célestine	20
F	2016	Eléonore	26
M	2016	Georges	42
F	2016	Hannah	30
M	2016	Ibrahim	71
F	2016	Jeanne	177
F	2016	Léna	85
F	2016	Lila	43
F	2016	Lina	129
F	2016	Lola	42
F	2016	Lucie	92
M	2016	Marius	72
M	2016	Noah	140
M	2016	Oumar	20
F	2016	Sophie	37
M	2016	Yann	27
M	2017	Aaron	116
F	2017	Andréa	30
M	2017	Aurélien	29
F	2017	Céleste	55
F	2017	Constance	66
M	2017	Edgar	39
M	2017	Elias	65
F	2017	Fatoumata	59
F	2017	Faustine	31
M	2017	Hector	56
M	2017	Hugo	116
M	2017	Isaac	119
F	2017	Julie	21
M	2017	Lucas	165
M	2017	Mathys	22
F	2017	Mila	112
M	2017	Omar	33
F	2017	Paloma	24
F	2017	Sixtine	30
M	2017	Solal	49
F	2017	Suzanne	81
M	2017	Théophile	30
M	2017	Younes	33
M	2017	Zakaria	34
F	2017	Zoé	103
F	2018	Bintou	22
M	2018	Georges	42
M	2018	Idriss	30
M	2018	Jacques	31
F	2018	Justine	23
M	2018	Moussa	52
F	2018	Myriam	32
M	2018	Ruben	40
F	2018	Sacha	147
F	2018	Sarah	140
F	2018	Victoria	114
M	2018	Younes	29
M	2019	Paul	180
M	2019	Joseph	174
F	2019	Sofia	119
F	2019	Victoria	114
M	2019	Charles	86
M	2019	Enzo	59
M	2019	Sohan	55
M	2019	Benjamin	52
M	2019	Solal	45
M	2019	Alexis	44
M	2019	Issa	43
M	2019	Joshua	39
F	2019	Alya	39
M	2019	Zakaria	35
F	2019	Jana	33
M	2019	Nils	29
F	2019	Noor	28
F	2019	Aliénor	27
M	2019	Sami	26
M	2021	Arthur	227
F	2021	Adèle	151
M	2021	Aaron	122
F	2021	Léa	121
F	2021	Alix	96
M	2021	Nathan	89
F	2021	Suzanne	88
M	2021	Rayan	70
M	2021	Gustave	65
F	2021	Élise	57
F	2021	Albane	49
F	2021	Brune	42
F	2021	Maria	40
M	2021	Anatole	36
F	2021	Valentine	33
M	2021	Ahmed	33
M	2021	Ilyes	30
F	2021	Mahault	28
M	2021	Constantin	21
F	2020	Emma	143
F	2020	Inès	119
F	2020	Nina	108
F	2020	Victoria	106
M	2020	Maxime	103
M	2020	Valentin	76
F	2020	Aya	64
M	2020	Ayden	59
F	2020	Garance	45
M	2020	Henri	43
M	2020	Issa	41
F	2020	Elena	38
M	2020	Emmanuel	32
M	2020	Sasha	30
M	2020	Balthazar	28
M	2020	Nicolas	26
F	2020	Sixtine	26
M	2020	Loup	23
F	2020	Adélaïde	22
M	2021	Lucas	152
F	2021	Romy	125
F	2021	Lina	115
M	2021	Ismaël	104
M	2021	Auguste	100
M	2021	Ilyan	60
M	2021	Thomas	59
M	2021	Solal	49
F	2021	Hannah	44
F	2021	Fatima	41
F	2021	Lisa	40
F	2021	Alya	37
M	2021	Émile	34
M	2021	Lazare	27
M	2021	Rafael	27
F	2021	Esther	24
M	2021	Ruben	24
F	2021	Lison	23
M	2021	Edouard	23
F	2021	Amélia	21
M	2021	Ilyas	21
F	2021	Adélaïde	20
M	2015	Adam	356
M	2015	Alex	28
F	2015	Bintou	20
F	2015	Cléo	21
M	2015	Constantin	20
F	2015	Emma	179
F	2015	Farah	20
F	2015	Faustine	33
F	2015	Gabriella	27
F	2015	Gabrielle	96
M	2015	Jean	64
M	2015	Joshua	38
M	2015	Liam	108
M	2015	Lucas	176
F	2015	Maïa	26
M	2015	Matthieu	34
M	2015	Noah	108
M	2015	Nolan	76
M	2015	Rayan	105
F	2015	Romy	71
M	2015	Stanislas	29
M	2015	Timéo	25
F	2015	Zélie	22
F	2016	Alicia	39
M	2016	Charles	88
F	2016	Dina	21
M	2016	Eliott	94
F	2016	Jasmine	32
F	2016	Juliette	136
M	2016	Lenny	41
F	2016	Lily	29
F	2016	Lou	113
M	2016	Louis	275
M	2016	Maël	79
M	2016	Max	24
M	2016	Milan	35
M	2016	Mohammed	22
M	2016	Naël	74
F	2016	Pauline	49
M	2016	Théophile	28
M	2016	Valentin	72
F	2017	Alba	21
F	2017	Amina	31
F	2017	Apolline	98
M	2017	Armand	30
M	2017	Benjamin	64
F	2017	Bianca	23
F	2017	Capucine	32
F	2017	Clara	67
F	2017	Eloïse	22
M	2017	Félix	59
M	2017	Gustave	64
F	2017	Jade	96
M	2017	Joachim	36
F	2017	Léonie	80
M	2017	Luca	37
F	2017	Mahault	21
M	2017	Marin	45
M	2017	Mohammed	25
M	2017	Nathanaël	31
F	2017	Neyla	21
F	2017	Sibylle	21
F	2017	Sofia	119
F	2017	Thaïs	37
M	2017	Timothée	77
M	2017	Valentin	73
M	2017	Wassim	46
M	2017	Youssouf	29
M	2018	Ahmed	44
M	2018	Anatole	39
F	2018	Capucine	50
M	2018	Elie	34
M	2018	Hugo	132
F	2018	Julie	20
F	2018	Manel	25
M	2018	Mohammed	21
M	2018	Nael	23
M	2018	Nolan	50
F	2018	Olympe	49
F	2018	Sara	39
F	2018	Soumaya	22
F	2018	Ysée	23
M	2019	Ibrahim	110
F	2019	Ella	80
M	2019	Axel	77
M	2019	Ilyan	74
F	2019	Ambre	73
M	2019	Elias	64
M	2019	Imran	55
M	2019	William	55
M	2019	Andrea	54
M	2019	Daniel	51
F	2019	Alba	44
F	2019	Lisa	43
F	2019	Raphaëlle	40
F	2019	Colette	37
M	2019	Evan	36
F	2019	Lana	36
F	2019	Nora	36
M	2019	Arsène	34
F	2019	Philippine	28
F	2019	Izia	25
M	2019	Ibrahima	24
M	2019	Sasha	23
M	2019	Leo	21
M	2020	Paul	158
F	2020	Ella	105
F	2020	Margaux	101
F	2020	Iris	97
F	2020	Zoé	84
M	2020	Charles	74
F	2020	Apolline	63
M	2020	Aylan	51
M	2020	David	48
F	2020	Marie	46
M	2020	Ilyes	37
M	2020	Mathéo	30
M	2020	Hamza	29
F	2020	Jasmine	29
M	2020	Jacques	26
F	2020	Judith	25
F	2020	Cléo	24
F	2020	Talia	24
M	2020	Adem	23
F	2020	Oumou	23
M	2020	Hadrien	20
F	2020	Laura	20
M	2021	Samuel	113
M	2021	Eden	80
F	2021	Pia	58
F	2021	Liv	53
F	2021	Mathilde	42
M	2021	Nolan	40
M	2021	Clément	39
F	2021	Lola	38
M	2021	Joshua	38
M	2021	Abdoulaye	31
F	2021	Lyna	30
M	2021	Max	27
M	2021	Mouhamed	27
M	2021	Mohammed	26
F	2021	Eden	25
M	2021	Milan	24
F	2021	Norah	23
M	2021	Nathanaël	23
F	2021	Aurore	22
M	2021	Emile	22
M	2021	Sandro	20
M	2020	Victor	190
F	2020	Léa	149
F	2020	Gabrielle	119
M	2020	Timothée	69
M	2020	Noam	56
M	2020	Moussa	52
M	2020	Nolan	46
M	2020	Haroun	38
F	2020	Fatima	38
F	2020	Maryam	35
M	2020	Ilyas	30
M	2020	Edouard	28
F	2020	Eléonore	26
F	2015	Adèle	156
M	2015	Adem	27
F	2015	Alicia	60
F	2015	Alya	29
F	2015	Ana	26
F	2015	Anouk	45
M	2015	Antonin	38
M	2015	Armand	33
F	2015	Axelle	20
F	2015	Claire	26
M	2015	Elie	31
F	2015	Fatoumata	52
M	2015	François	21
M	2015	Grégoire	24
F	2015	Livia	24
M	2015	Malo	32
F	2015	Maya	57
F	2015	Nora	29
F	2015	Oumou	20
F	2015	Rose	134
F	2015	Roxane	41
M	2016	Abel	59
F	2016	Augustine	23
F	2016	Bintou	21
M	2016	Emmanuel	31
M	2016	Ilan	21
M	2016	Ilyes	49
F	2016	Ines	37
M	2016	Jean	65
M	2016	Leo	23
M	2016	Pablo	30
F	2016	Rose	132
F	2016	Sasha	62
M	2016	Wassim	44
F	2017	Anouk	48
F	2017	Axelle	20
F	2017	Brune	26
M	2017	César	40
M	2017	Daniel	44
F	2017	Elise	32
M	2017	Hamza	27
M	2017	Malo	29
M	2017	Mamadou	33
M	2017	Moussa	41
M	2017	Nael	25
M	2017	Neil	20
M	2017	Noa	23
F	2017	Sara	42
M	2017	Sasha	30
F	2017	Soline	23
F	2017	Victoria	119
M	2017	Youssef	63
F	2018	Alice	199
F	2018	Aliyah	26
F	2018	Anaëlle	20
M	2018	Antoine	130
M	2018	Armand	40
F	2018	Astrid	21
M	2018	Aymen	20
M	2018	Ayoub	39
F	2018	Clara	61
M	2018	David	70
F	2018	Éléonore	36
F	2018	Eugénie	21
F	2018	Irène	21
M	2018	Léonard	69
F	2018	Marie	63
M	2018	Max	21
M	2018	Nathan	86
F	2018	Sofia	106
F	2018	Sophie	34
M	2018	Valentin	86
M	2018	Zacharie	26
M	2019	Léo	142
F	2019	Romane	109
M	2019	Baptiste	66
M	2019	Abel	61
F	2019	Salomé	53
M	2019	Tom	46
M	2019	Kylian	38
F	2019	Andréa	25
M	2019	Nael	23
M	2019	Ruben	23
M	2019	Timéo	20
M	2015	Ali	48
F	2015	Andréa	25
F	2015	Aya	55
F	2015	Blanche	29
M	2015	Clément	108
M	2015	Eden	41
M	2015	Eliott	73
M	2015	Evan	43
F	2015	Fatima	34
M	2015	Hamza	35
F	2015	Inès	175
M	2015	Ismael	21
M	2015	Jad	27
F	2015	Joséphine	127
F	2015	Julie	35
M	2015	Léon	123
F	2015	Léonore	27
F	2015	Lila	42
F	2015	Manon	126
M	2015	Maxime	152
M	2015	Paul	259
M	2015	Thomas	117
M	2015	Yacine	28
M	2016	Adem	34
F	2016	Alia	22
F	2016	Alya	22
M	2016	Antoine	114
F	2016	Brune	26
M	2016	Edgar	46
F	2016	Esther	45
F	2016	Gabriella	24
M	2016	Hadrien	35
M	2016	Haroun	28
M	2016	Isaac	112
F	2016	Laura	35
F	2016	Louna	20
F	2016	Lyna	27
F	2016	Maëlle	21
F	2016	Maïa	28
M	2016	Nahil	21
M	2016	Naïm	34
M	2016	Nolan	61
M	2016	Ousmane	26
F	2016	Philippine	28
M	2016	Quentin	44
M	2016	Yanis	64
F	2017	Ava	82
M	2017	Basile	88
F	2017	Camille	169
F	2017	Célia	23
F	2017	Clémentine	21
F	2017	Elsa	54
F	2017	Emmy	22
F	2017	Hannah	20
F	2017	Hortense	25
F	2017	Lucie	104
F	2017	Maryam	32
M	2017	Ousmane	22
M	2017	Rayan	103
F	2017	Salomé	61
F	2017	Sophie	45
F	2017	Stella	32
M	2017	Thomas	110
M	2018	Aaron	77
F	2018	Alicia	47
M	2018	Amaury	24
M	2018	Auguste	74
F	2018	Chiara	22
M	2018	Elio	36
F	2018	Juliette	120
F	2018	Mahaut	22
F	2018	Maïssa	20
F	2018	Maria	45
F	2018	Mariam	43
M	2018	Marin	50
F	2018	Nina	119
M	2018	Nino	38
F	2018	Romane	92
M	2018	Samuel	133
F	2018	Sirine	27
M	2018	Stanislas	23
F	2018	Zélie	28
M	2019	Raphaël	272
M	2019	Noé	113
M	2019	Rayan	88
M	2019	Eliott	85
M	2019	Marceau	83
M	2019	Achille	67
M	2019	Lucien	54
F	2019	Sophia	54
F	2019	Fatima	46
F	2019	Éléonore	45
F	2019	Sophie	40
F	2019	Élise	38
M	2019	Emile	27
M	2019	Abdoulaye	26
M	2019	Soan	26
F	2019	Ana	25
M	2019	Amine	24
M	2019	Anton	22
F	2019	Jannah	22
F	2019	Mariama	22
F	2019	Hélène	20
M	2021	Victor	155
M	2021	Maël	98
M	2021	Timothée	89
F	2021	Alba	75
M	2021	Mathis	68
F	2021	Noa	64
M	2021	Yanis	64
M	2021	Maxence	61
F	2021	Anaïs	59
F	2021	Capucine	43
F	2021	Sophia	38
F	2021	Assya	24
F	2021	Coline	24
F	2021	Georgia	22
M	2021	Noham	21
M	2020	Jules	114
M	2020	Samuel	102
M	2020	Oscar	98
F	2020	Ava	83
M	2020	Ali	57
F	2020	Alicia	51
F	2020	Anaïs	50
M	2020	Baptiste	47
M	2020	Vadim	40
M	2020	Anatole	39
M	2020	Charlie	31
M	2020	Ariel	30
M	2020	Ousmane	30
M	2020	Abdoulaye	24
M	2020	Ismael	22
M	2020	Wassim	21
F	2020	Maëlys	20
F	2015	Aïcha	45
F	2015	Ambre	62
F	2015	Amina	22
F	2015	Anaëlle	27
M	2015	Ayden	28
F	2015	Capucine	55
F	2015	Charlie	35
M	2015	Elyas	27
M	2015	Ernest	26
M	2015	Hector	59
F	2015	Hortense	34
M	2015	Imran	37
M	2015	Moussa	40
F	2015	Philippine	25
M	2015	Simon	100
F	2015	Swann	22
M	2015	Yanis	95
M	2015	Youssouf	25
F	2016	Anna	140
M	2016	Antonin	30
M	2016	Augustin	146
M	2016	Ayden	26
M	2016	Aymen	22
F	2016	Clémentine	25
M	2016	Côme	74
F	2016	Constance	66
M	2016	Constantin	20
M	2016	Elliot	26
M	2016	Gabin	50
F	2016	Gabrielle	115
F	2016	Hawa	31
M	2016	Marin	44
M	2016	Mohamed	184
F	2016	Naomi	35
F	2016	Rosalie	22
F	2016	Sacha	146
F	2016	Soline	29
M	2017	Adam	318
F	2017	Alma	87
F	2017	Aminata	40
M	2017	Ayden	34
M	2017	Djibril	26
F	2017	Élise	30
M	2017	Esteban	29
M	2017	Gabin	53
F	2017	Hanna	32
M	2017	Imran	58
F	2017	Ines	33
F	2017	Joséphine	107
F	2017	Justine	21
F	2017	Manon	107
F	2017	Maya	69
F	2017	Romane	100
F	2017	Salma	22
M	2018	Aksel	25
F	2018	Alba	25
F	2018	Amalia	22
F	2018	Ambre	51
F	2018	Aminata	48
M	2018	Arthur	264
M	2018	Augustin	152
F	2018	Camille	191
M	2018	Djibril	21
M	2018	Eliott	92
F	2018	Émilie	20
M	2018	Enzo	50
M	2018	Grégoire	21
F	2018	Hannah	27
F	2018	Joséphine	97
M	2018	Luca	41
F	2018	Lucie	82
M	2018	Mathias	29
M	2018	Noam	60
F	2018	Swann	23
M	2018	Thomas	76
F	2019	Alix	88
M	2019	Ismaël	83
F	2019	Diane	71
M	2019	Gustave	67
M	2019	Félix	57
M	2019	Adrien	43
M	2019	Rafael	39
M	2019	Jad	37
F	2019	Awa	37
F	2019	Elisa	33
F	2019	Hannah	32
F	2019	Jennah	25
F	2019	Livia	25
F	2021	Olivia	142
M	2021	Augustin	131
M	2021	Sacha	124
F	2021	Victoria	121
F	2021	Joséphine	119
M	2021	Liam	119
M	2021	Eliott	91
M	2021	Marceau	91
F	2021	Inès	89
F	2021	Diane	78
M	2021	César	55
M	2021	Enzo	54
M	2021	Naïm	41
F	2021	Hana	29
M	2021	Aksel	28
F	2021	Yaël	26
F	2021	Maïa	24
F	2021	Line	22
F	2021	Ayla	21
F	2021	Naomie	20
M	2020	Joseph	178
F	2020	Eva	114
M	2020	Nathan	94
F	2020	Diane	93
F	2020	Lou	91
M	2020	Marius	85
M	2020	Rayan	71
F	2020	Manon	70
M	2020	Eden	61
F	2020	Billie	47
F	2020	Lana	44
F	2020	Olympe	44
M	2020	Sohan	42
F	2020	Zélie	33
F	2020	Hana	31
M	2020	Souleymane	28
F	2020	Mona	26
F	2020	Philippine	26
M	2020	Ibrahima	23
M	2020	Soan	21
M	2020	Lenny	20
M	2015	Alban	29
F	2015	Alexandra	22
F	2015	Alice	245
M	2015	Amir	57
M	2015	Anatole	37
M	2015	Augustin	146
M	2015	César	36
M	2015	Edgar	57
F	2015	Éléonore	36
M	2015	Gabin	58
M	2015	Gustave	59
M	2015	Hadrien	43
M	2015	Idriss	27
M	2015	Jonas	23
F	2015	Lara	21
F	2015	Manel	20
F	2015	Mia	68
M	2015	Nicolas	40
M	2015	Noham	36
M	2015	Romain	35
M	2015	Ruben	48
M	2015	Thibault	22
F	2015	Violette	28
F	2016	Aliénor	34
M	2016	Daniel	58
F	2016	Eden	85
M	2016	Edouard	28
F	2016	Emna	22
F	2016	Faustine	44
F	2016	Garance	59
M	2016	Hugo	139
F	2016	Isaure	22
F	2016	Lena	25
M	2016	Léo	132
M	2016	Malo	60
M	2016	Marc	27
F	2016	Myriam	33
M	2016	Rayan	75
F	2016	Tessa	21
F	2016	Théa	23
F	2017	Albane	38
F	2017	Anna	170
F	2017	Assia	38
F	2017	Éléonore	37
F	2017	Emilie	27
M	2017	Gaspard	154
M	2017	Jean	62
M	2017	Joseph	186
F	2017	Louison	28
F	2017	Lyna	25
M	2017	Marcel	50
M	2018	Adam	301
M	2018	Alexandre	177
M	2018	Arsène	43
M	2018	Dylan	25
F	2018	Leïla	20
M	2018	Léopold	40
M	2018	Maxence	56
F	2018	Maya	71
M	2018	Mehdi	34
M	2018	Mohamed	195
M	2018	Noham	25
F	2018	Nora	42
F	2018	Pauline	48
M	2018	Raphaël	261
F	2018	Romy	124
F	2018	Suzanne	87
M	2018	Théophile	27
M	2019	Mohamed	213
M	2019	Isaac	174
F	2019	Léa	132
F	2019	Jade	125
F	2019	Nour	74
M	2019	Jean	65
M	2019	Youssef	55
F	2019	Noémie	45
M	2019	Elio	40
F	2019	Lola	39
M	2019	Kaïs	37
F	2019	Ines	33
M	2019	Aksel	30
F	2019	Ysée	29
M	2019	Luca	28
M	2019	Marcus	24
F	2019	Ilyana	24
F	2019	Louison	23
F	2019	Jasmine	21
F	2019	Céline	20
M	2020	Léon	150
M	2020	Augustin	125
F	2020	Héloïse	85
F	2020	Romane	76
M	2020	Ethan	68
M	2020	Félix	65
M	2020	Hector	56
M	2020	Maxence	56
F	2020	Alya	44
F	2020	Hanna	36
F	2020	Hortense	35
F	2020	Khadija	34
M	2020	Zakaria	30
M	2020	Mehdi	26
F	2020	Théa	26
M	2020	Ismaïl	25
M	2020	Anton	23
F	2020	Blanche	21
M	2021	Léon	171
M	2021	Paul	156
M	2021	Naël	108
F	2021	Victoire	102
M	2021	Simon	86
M	2021	Félix	78
M	2021	Ulysse	78
F	2021	Constance	56
M	2021	Moussa	51
M	2021	Tom	50
F	2021	Hawa	38
F	2021	Mahaut	33
M	2021	Idriss	32
F	2021	Ellie	31
M	2021	Sasha	30
F	2021	Cléo	29
F	2021	Elisa	28
F	2021	Kenza	26
F	2021	Marie	26
F	2021	Myriam	23
M	2021	Léandre	23
F	2020	Olivia	114
M	2020	Sacha	111
F	2020	Charlie	94
M	2020	Léonard	63
F	2020	Sophia	54
F	2020	Aïcha	46
M	2020	James	43
M	2020	Edgar	37
M	2020	Émile	33
F	2020	Bianca	30
M	2020	Luca	24
F	2020	Louna	24
M	2020	Alban	23
F	2020	Axelle	23
F	2020	Rita	22
M	2020	Gaël	21
F	2020	Mahaut	21
M	2020	Stanislas	20
F	2020	Lara	20
M	2021	Louis	245
M	2021	Mohamed	178
M	2021	Oscar	121
F	2021	Lou	113
F	2021	Charlie	98
M	2021	Charles	84
F	2021	Inaya	61
M	2021	Roméo	54
M	2021	William	47
F	2021	Assia	44
F	2021	Khadija	43
F	2021	Colette	42
M	2021	Nino	38
F	2021	Esmée	35
F	2021	Noémie	32
M	2021	Hippolyte	28
F	2021	Janna	27
F	2021	Augustine	25
M	2021	Pio	25
M	2021	Gaël	24
F	2021	June	21
F	2021	Sienna	21
F	2021	Célia	20
F	2015	Apolline	87
F	2015	Constance	65
M	2015	Joachim	33
M	2015	Joseph	170
F	2015	Justine	26
F	2015	Lise	44
M	2015	Luka	21
F	2015	Mariam	49
M	2015	Mathéo	34
F	2015	Mathilde	84
M	2015	Nathan	94
F	2015	Paloma	27
F	2015	Sofia	137
M	2015	Solal	38
F	2015	Stella	33
M	2016	Elias	58
M	2016	Esteban	24
M	2016	Evan	47
F	2016	Héloïse	87
F	2016	Hortense	23
M	2016	Ilyan	20
M	2016	Jad	20
M	2016	James	32
F	2016	Lilya	23
F	2016	Luna	29
F	2016	Manel	29
M	2016	Mathéo	21
M	2016	Matteo	27
M	2016	Maxime	157
F	2016	Mélina	24
F	2016	Nina	101
F	2016	Nora	33
F	2016	Roxane	46
M	2016	Sacha	138
F	2016	Salomé	52
M	2016	Samy	40
M	2016	Stanislas	33
M	2016	William	55
M	2017	Amine	40
F	2017	Ana	25
M	2017	Ayoub	38
M	2017	Baptiste	68
M	2017	Camille	74
F	2017	Charlotte	131
M	2017	Clément	82
M	2017	Gaël	23
M	2017	Gaston	20
M	2017	Ibrahima	23
M	2017	Jacques	35
M	2017	Jules	134
M	2017	Léo	140
M	2017	Léonard	75
F	2017	Maïa	26
F	2017	Margot	60
F	2017	Maria	31
F	2017	Mathilde	69
M	2017	Matteo	20
M	2017	Maxence	73
F	2017	Mélissa	20
F	2017	Mina	26
F	2017	Noa	48
F	2017	Olympe	27
M	2017	Raphaël	290
M	2017	Roméo	28
F	2017	Roxane	45
M	2017	Sacha	140
M	2017	William	37
M	2018	Abdoulaye	31
M	2018	Abel	64
F	2018	Amina	24
F	2018	Clémence	72
F	2018	Elsa	46
F	2018	Gabrielle	119
M	2018	Gaël	23
M	2018	Henri	37
M	2018	Ibrahima	22
M	2018	Ilyan	69
F	2018	Inès	151
M	2018	Jad	25
F	2018	Jasmine	27
M	2018	Léon	152
M	2018	Marcel	43
F	2018	Naomi	23
M	2018	Nathanaël	27
M	2018	Omar	29
F	2018	Paloma	21
M	2018	Vadim	50
F	2018	Valentine	62
F	2019	Charlotte	140
M	2019	Maël	93
F	2019	Agathe	81
F	2019	Clara	74
F	2019	Maya	74
F	2019	Manon	73
M	2019	Yanis	63
M	2019	Georges	61
F	2019	Anaïs	61
M	2019	César	50
F	2019	Hanna	43
M	2019	Tristan	28
M	2019	Haroun	26
M	2019	Mohammed	26
M	2019	James	25
F	2019	Alia	25
M	2019	Adem	24
F	2019	Amira	23
F	2019	Emilie	21
F	2019	Maëlle	21
F	2019	Diana	20
F	2019	Lia	20
M	2020	Gabriel	312
F	2020	Lina	127
F	2020	Julia	78
M	2020	Malo	68
F	2020	Clara	59
M	2020	Théo	55
M	2020	Jean	48
F	2020	Elsa	48
M	2020	Alexis	45
M	2020	Ezra	39
F	2020	Lila	39
M	2020	Arsène	35
F	2020	Lily	34
M	2020	Rafael	31
F	2020	Léonore	29
F	2020	Maëlle	28
M	2020	Antonin	27
M	2020	Tristan	26
F	2020	Gaïa	25
F	2020	Noor	25
M	2020	Andréa	21
F	2021	Chloé	151
F	2021	Iris	118
F	2021	Charlotte	115
M	2021	Léonard	80
F	2021	Nour	67
F	2021	Clémence	58
F	2021	Stella	44
M	2021	Issa	44
M	2021	Edgar	35
M	2021	Balthazar	34
F	2021	Mona	30
F	2021	Ariane	28
F	2021	Ines	27
F	2021	Lilia	27
M	2021	Aboubacar	26
M	2021	Owen	21
F	2021	Andrea	20
M	2021	Isaiah	20
M	2015	Aksel	20
M	2015	Amine	42
F	2015	Bianca	23
M	2015	Bilal	22
F	2015	Célia	27
M	2015	Charles	82
M	2015	Gaspard	165
F	2015	Giulia	50
M	2015	Ismaël	84
F	2015	Judith	24
M	2015	Kylian	34
F	2015	Lana	29
M	2015	Lenny	36
F	2015	Lucie	99
F	2015	Maëlys	39
M	2015	Mathis	78
F	2015	Nélia	21
F	2015	Suzanne	79
M	2015	Théodore	58
M	2015	Théophile	27
M	2015	Tiago	20
M	2015	Wassim	32
F	2015	Yasmine	65
F	2016	Albane	26
F	2016	Aliya	29
F	2016	Anastasia	22
M	2016	Andrea	30
M	2016	Anton	38
M	2016	Ayoub	52
F	2016	Charlie	50
F	2016	Diane	79
M	2016	Eden	49
F	2016	Éléonore	35
F	2016	Elsa	69
F	2016	Emma	209
F	2016	Eva	117
M	2016	Félix	59
M	2016	Gaspard	138
M	2016	Julien	26
M	2016	Luca	30
M	2016	Martin	118
M	2016	Mathias	32
F	2016	Paloma	29
M	2016	Rafael	44
M	2016	Rayane	20
F	2016	Romane	98
M	2016	Sami	24
M	2016	Théodore	48
F	2017	Adama	22
M	2017	Adem	23
F	2017	Agathe	111
M	2017	Alexis	70
F	2017	Alicia	47
F	2017	Andrea	54
F	2017	Aurore	20
M	2017	Axel	111
M	2017	Bilal	27
F	2017	Bintou	21
M	2017	Dylan	24
F	2017	Giulia	38
M	2017	Haroun	30
M	2017	Iyad	21
F	2017	Jeanne	183
F	2017	Lisa	58
M	2017	Louis	261
F	2017	Maëlle	28
M	2017	Marcus	27
M	2017	Naël	62
F	2017	Nina	119
F	2017	Nora	41
M	2017	Octave	54
F	2017	Olivia	108
M	2017	Rafael	36
F	2017	Valentine	84
M	2018	Adem	30
F	2018	Aïcha	52
F	2018	Alya	25
M	2018	Axel	104
M	2018	Benjamin	56
F	2018	Bérénice	26
F	2018	Céleste	70
F	2018	Daphné	36
M	2018	Diego	29
F	2018	Emilie	23
M	2018	Hector	61
M	2018	Malo	47
F	2018	Mila	99
M	2018	Nahil	22
M	2018	Noah	130
M	2018	Rafael	31
M	2018	William	43
M	2019	Sacha	135
F	2019	Iris	108
F	2019	Romy	101
M	2019	Octave	79
M	2019	Ulysse	66
M	2019	Hector	65
M	2019	Gabin	48
M	2019	Pierre	46
F	2019	Lila	45
M	2019	Ahmed	35
M	2019	Yassine	35
F	2019	Jenna	35
M	2019	Youssouf	24
F	2019	Augustine	23
F	2019	Lena	20
M	2015	Amadou	22
F	2015	Assia	41
M	2015	Aurèle	20
F	2015	Ava	81
F	2015	Charlotte	133
F	2015	Clémentine	23
F	2015	Diane	59
F	2015	Élisa	30
M	2015	Esteban	27
M	2015	Jules	205
F	2015	Julia	98
F	2015	Khadija	22
F	2015	Luna	38
F	2015	Madeleine	63
M	2015	Marcel	37
F	2015	Margaux	99
M	2015	Marin	30
M	2015	Marius	65
M	2015	Octave	34
M	2015	Timothée	92
F	2016	Alice	208
M	2016	Amine	42
F	2016	Capucine	60
F	2016	Chiara	26
M	2016	Gustave	66
M	2016	Jacques	23
M	2016	Jonas	23
F	2016	Khadija	30
M	2016	Léon	138
F	2016	Lilia	28
F	2016	Lisa	59
F	2016	Livia	24
M	2016	Marcus	30
F	2016	Margaux	89
M	2016	Milo	49
M	2016	Octave	56
F	2016	Salma	21
F	2016	Thelma	27
F	2016	Valentine	76
M	2017	Amaury	27
F	2017	Ambre	53
M	2017	Amir	80
M	2017	Arthur	251
F	2017	Elena	52
M	2017	Emmanuel	34
F	2017	Emy	22
M	2017	Ezra	20
F	2017	Hawa	30
F	2017	Isaure	31
M	2017	Ismaël	96
M	2017	James	28
M	2017	Joshua	48
F	2017	Julia	74
M	2017	Léon	118
M	2017	Léopold	47
M	2017	Lyam	21
M	2017	Martin	121
M	2017	Mathéo	23
M	2017	Milo	37
F	2017	Nélia	21
M	2017	Noé	91
F	2017	Noémie	60
F	2017	Pia	41
M	2017	Yassine	25
F	2018	Adèle	132
M	2018	Adrien	70
M	2018	Ambroise	28
F	2018	Anaïs	66
M	2018	Antonin	32
M	2018	Ayden	44
F	2018	Blanche	29
M	2018	Camille	93
M	2018	César	39
M	2018	Daniel	47
F	2018	Ella	90
F	2018	Ellie	24
M	2018	Gustave	60
M	2018	Ibrahim	93
F	2018	Iris	117
M	2018	Ismael	22
F	2018	Jana	38
M	2018	Joshua	31
F	2018	Julia	100
M	2018	Kaïs	37
M	2018	Kylian	35
F	2018	Lara	20
F	2018	Léana	20
M	2018	Leo	25
F	2018	Lisa	55
M	2018	Lucien	67
F	2018	Maïa	25
M	2018	Mathis	83
F	2018	Mina	21
F	2018	Stella	28
M	2019	Gabriel	371
F	2019	Emma	180
M	2019	Antoine	128
M	2019	Théo	71
F	2019	Luna	44
F	2019	Maryam	41
F	2019	Hawa	37
M	2019	Jonas	32
F	2019	Joy	30
F	2019	Khadija	25
F	2019	Paloma	21
F	2019	Bérénice	20
F	2019	Théa	20
M	2021	Raphaël	233
M	2021	Marius	90
M	2021	Andrea	82
F	2021	Héloïse	73
M	2021	Achille	72
M	2021	Evan	42
M	2021	Gabin	37
M	2021	Arsène	36
F	2021	Daphné	35
M	2021	Luca	35
F	2021	Hortense	31
F	2021	Philippine	31
F	2021	Andréa	30
M	2021	Soan	28
F	2021	Théa	24
M	2021	Omar	24
M	2021	Saul	22
M	2021	Mahé	20
M	2020	Raphaël	252
F	2020	Anna	138
M	2020	Noé	113
M	2020	Ismaël	86
M	2020	Imran	49
F	2020	Mathilde	46
F	2020	Liv	43
M	2020	Benjamin	40
M	2020	Gabin	40
M	2020	Pierre	39
M	2020	Naïm	33
F	2020	Mya	29
F	2020	Sophie	26
F	2020	Norah	25
F	2020	Lison	21
F	2015	Agathe	81
F	2015	Albane	25
F	2015	Assya	24
M	2015	Auguste	58
M	2015	Benjamin	67
F	2015	Clara	74
F	2015	Jeanne	173
F	2015	Léna	65
F	2015	Lily	40
F	2015	Lyna	36
F	2015	Margot	76
M	2015	Nathanaël	23
M	2015	Roman	23
F	2015	Salomé	44
M	2016	Amir	52
F	2016	Ana	21
M	2016	Anis	23
F	2016	Aurore	23
M	2016	Elie	39
F	2016	Ella	67
F	2016	Giulia	36
M	2016	Joachim	23
F	2016	June	25
F	2016	Léonie	81
F	2016	Lilou	20
M	2016	Marceau	50
F	2016	Romy	74
F	2016	Suzanne	75
F	2016	Thaïs	29
M	2016	Ulysse	59
M	2016	Vadim	37
M	2017	Ahmed	29
M	2017	Ali	57
F	2017	Amélia	26
M	2017	Antonin	30
F	2017	Ariane	28
M	2017	Côme	88
F	2017	Esther	45
F	2017	Jenna	22
M	2017	Léandre	29
F	2017	Livia	27
F	2017	Lola	41
F	2017	Maxime	121
M	2017	Nino	36
M	2017	Oscar	130
M	2017	Roman	30
F	2017	Théa	25
M	2017	Tom	53
M	2017	Victor	221
F	2017	Zélie	25
F	2018	Charlie	59
M	2018	Elias	59
M	2018	Émile	34
M	2018	Joachim	34
M	2018	Jonas	27
M	2018	Joseph	156
F	2018	Judith	24
M	2018	Liam	132
M	2018	Pierre	49
F	2018	Rachel	24
M	2018	Rayan	93
M	2018	Samy	30
M	2018	Sohan	37
M	2018	Youssef	41
F	2018	Zoé	84
M	2019	Victor	187
F	2019	Alice	180
F	2019	Anna	142
F	2019	Inès	115
M	2019	Jules	106
F	2019	Mia	98
F	2019	Sarah	93
F	2019	Charlie	77
M	2019	Valentin	76
M	2019	Maxence	70
F	2019	Léna	56
F	2019	Elena	41
M	2019	Mamadou	39
F	2019	Alicia	37
M	2019	Hamza	34
M	2019	Léandre	29
M	2019	Élie	24
M	2019	Elliot	23
F	2019	Selma	21
M	2019	Dylan	20
F	2019	Lilya	20
M	2021	Gaspard	149
F	2021	Eva	138
M	2021	Jules	120
F	2021	Sofia	104
M	2021	Maxime	92
F	2021	Margot	68
F	2021	Maya	64
M	2021	David	64
M	2021	Hector	56
F	2021	Yasmine	52
M	2021	Pierre	48
F	2021	Salomé	45
M	2021	Benjamin	36
F	2021	Sophie	34
M	2021	Haroun	34
F	2021	Castille	29
F	2021	Maëlle	29
M	2021	Mathias	29
F	2021	Ana	28
F	2021	Lara	25
M	2021	Ariel	25
F	2021	Camélia	24
M	2021	Mathéo	24
F	2021	Valentina	22
M	2021	Lévi	22
F	2021	Maïmouna	21
F	2020	Joséphine	114
M	2020	Ibrahim	106
F	2020	Mila	93
M	2020	Ulysse	73
F	2020	Suzanne	72
M	2020	Thomas	66
M	2020	Adrien	55
F	2020	Roxane	52
F	2020	Constance	49
M	2020	Daniel	41
F	2020	Salomé	40
M	2020	Djibril	30
F	2020	Louison	30
M	2020	Armand	27
M	2020	Constantin	26
F	2020	Jennah	23
F	2020	Augustine	22
F	2020	Eugénie	22
F	2020	Joy	21
