NAME,GREEN SPACES TYPE,ADRESS,LOCATION,STATUS,OPEN 24/7,OPEN DURING HEATWAVE,OPEN DURING SUMMER NIGHT
CIMETIERE DU NORD DIT DE MONTMARTRE,Cemetary,"20, avenue Rachel",75018,Open,No,No,No
CIMETIERE DE LA VILLETTE,Cemetary,"46, rue d’Hautpoul",75019,Open,No,No,No
JARDINIERES DE LA RUE SERGE PROKOFIEV,Decorations,1   RUE SERGE PROKOFIEV,75016,,No,No,No
SQUARE DU DONJON,Walkways,9  ROUTE DE LA  DAME BLANCHE,75012,,No,No,No
SQUARE MARIGNY,Walkways,AVENUE DES CHAMPS ELYSEES,94300,,No,No,No
JARDIN DE L'AVENUE FOCH - PELOUSE 04,Walkways,10 AV FOCH,75016,Open,Yes,No,No
JARDIN DE L'AVENUE FOCH - PELOUSE 03,Walkways,10 AV FOCH,75116,Open,Yes,No,No
SQUARE DE L'ABBE LEMIRE,Walkways,36 RUE ALAIN,75014,Open,Yes,No,No
JARDIN DU CLOITRE,Walkways,55 RUE VERCINGETORIX,75014,Open,Yes,No,No
PROMENADE AMALIA RODRIGUES,Walkways,2 BD ALGERIE,75019,Open,Yes,No,No
Square GRYNBERG,Walkways,2 RUE FERNAND LEGER,75020,Open,No,No,No
JARDIN HEROLD,Walkways,13 RUE FRANCIS PONGE,75019,Open,No,No,No
SQUARE ALAIN BASHUNG,Walkways,16 RUE JESSAINT,75018,Open,No,No,No
Bois de Vincennes,Woods,,75012,Open,No,No,No
JARDIN MEDIEVAL DU MUSEE DE CLUNY,Walkways,73 BD SAINT GERMAIN,75005,Open,No,No,No
SQUARE FRANCIS LEMARQUE,Walkways,90 RUE ROQUETTE,75011,Open,No,No,No
JARDIN DE LA DALLE D'IVRY,Walkways,9 RUE POINTE IVRY,75013,Open,No,No,No
Parc de Belleville,Walkways,45 RUE COURONNES,75020,Open,No,No,No
SQUARE EUGENE VARLIN,Walkways,151 X QU JEMMAPES,75010,Open,Yes,No,No
Camping du Bois de Boulogne,Woods,Allée du Bord de l'Eau,75016,,No,No,No
JARDIN GEORGES DUHAMEL,Walkways,5 RUE CHODERLOS LACLOS,75013,Open,No,No,No
Tir aux Pigeons,Woods,Route de l'Etoile,75016,Open,No,No,No
JARDIN LIONEL ASSOUAD,Walkways,22 RUE CHATILLON,75014,Open,No,No,No
JARDIN DES CENDRIERS (DIT DES AMANDIERS),Walkways,30 RUE DURIS,75020,Open,No,No,No
JARDIN DAMIA,Walkways,24 RUE ROBERT ET SONIA DELAUNAY,75011,Open,No,No,No
Bois de Vincennes,Woods,,75012,Open,No,No,No
Bois de Vincennes,Woods,,75012,Open,No,No,No
PLATE-BANDES DU BOULEVARD SERURIER ESPACE CANIN,Walkways,20 BOULEVARD SERURIER,75019,,No,No,No
JARDIN DU POTAGER (ANCIEN HOPITAL LAENNEC),Walkways,29 RUE DE BABYLONE,75007,Open,No,No,No
JARDIN MARIE POUSSEPIN,Walkways,135 RUE CONVENTION,75015,Open,No,No,No
JARDIN CATHERINE LABOURE,Walkways,29 RUE BABYLONE,75007,Open,No,No,No
PROMENADE PC 17 TRANCHEE PEREIRE,Walkways,109 RUE DE SAUSSURE,75017,Open,No,No,No
SQUARE DE LA VILLA SAINTE-CROIX,Walkways,10 VLA SAINTE CROIX,75017,Open,No,No,No
SQUARE DU PASSAGE LEON,Walkways,20 RUE GARDES,75018,Open,No,No,No
JARDIN DU MONUMENT RONSARD,Walkways,43 B RUE ECOLES,75005,,Yes,No,No
SQUARE DES MOINES DE TIBHIRINE,Walkways,71 BD VOLTAIRE,75011,Open,Yes,No,No
Bois de Vincennes,Woods,,75012,Open,No,No,No
Bois de Vincennes,Woods,,75012,Open,No,No,No
PROMENADE PEREIRE - GUERSANT / TERNES,Walkways,82 B AV TERNES,75017,Open,No,No,No
SQUARE DE LA MARSEILLAISE,Walkways,7 RUE MARSEILLAISE,75019,Open,No,No,No
SQUARE LOUIS LUMIERE,Walkways,24 RUE LOUIS LUMIERE,75020,Open,No,No,No
Bois de Vincennes,Woods,,75012,Open,No,No,No
Bois de Vincennes,Woods,,75012,Open,No,No,No
SQUARE DE LA PHOTO HIPPIQUE,Walkways,81  CHEMIN DE  CEINTURE DU LAC INFÉRIEUR,75016,Open,No,No,No
SQUARE RUES BELLEVILLE - TELEGRAPHE,Walkways,44 RUE TELEGRAPHE,75020,Open,No,No,No
JARDIN JANIS JOPLIN,Walkways,1 RUE PAGANINI,75020,Open,Yes,No,No
SQUARE DE LA PLACE LOUISE LOSSERAND,Walkways,145 RUE RAYMOND LOSSERAND,75014,Open,Yes,No,No
La Chesnay du Roy,Woods,Route de la Pyramide,75012,,No,No,No
Le Pré Catelan,Woods,Route de la Grande Cascade,75016,Open,No,No,No
JARDIN DE L'HOPITAL SAINTE-PERINE,Walkways,,75016,Open,No,No,Yes
JARDINETS DE LA PLACE DE LA PORTE D'AUTEUIL,Small gardens,4 X PLACE DE LA PORTE D'AUTEUIL,75016,,No,No,No
JARDINET DE LA PLACE D'ITALIE OUEST,Small gardens,4 V PLACE D' ITALIE,75013,,No,No,No
MAIL BELLIARD,Small gardens,1 V RUE LEIBNIZ,75018,,No,No,No
CIMETIERE DU SUD DIT DU MONTPARNASSE,Cemetary,"3, boulevard Edgar-Quinet",75014,Open,No,No,No
JARDINIERES DE LA PLACE DU PERE MARCELLIN CHAMPAGNAT,Decorations,8   PLACE DU PERE MARCELLIN CHAMPAGNAT,75016,,No,No,No
JARDIN DE L'AVENUE FOCH - PELOUSE 22,Walkways,10 AV FOCH,75016,Open,Yes,No,No
JARDIN DE NOTRE DAME DE FATIMA,Walkways,44 BD SERURIER,75019,Open,Yes,No,No
JARDIN ANAIS NIN,Walkways,2 V RUE JEAN OBERLE,75019,Open,Yes,No,No
JARDIN TINO ROSSI - MUSEE DE LA SCULPTURE EN PLEIN AIR,Walkways,2 BX QU SAINT BERNARD,75005,Open,Yes,No,No
SQUARE DE L'ABBE MIGNE,Walkways,1 T PL DENFERT ROCHEREAU,75014,Open,No,No,No
JARDIN DE LA RUE LA QUINTINIE,Walkways,41 RUE QUINTINIE,75015,Open,No,No,No
PROMENADE DU QUAI DE LA GIRONDE,Walkways,Quai de la gironde,75019,,Yes,No,No
"HIPPODROME D'AUTEUIL, PELOUSE C",Walkways,3  ROUTE D' AUTEUIL AUX LACS,75016,Open,No,No,No
SQUARE D'AJACCIO,Walkways,127 RUE GRENELLE,75007,Open,No,No,No
SQUARE DE L'AVENUE CAFFIERI,Walkways,11 AV CAFFIERI,75013,Open,Yes,No,No
SQUARE MARIUS CONSTANT,Walkways,8 RUE ORTOLAN,75005,Open,No,No,No
SQUARE RENE LE GALL,Walkways,28 RUE CROULEBARBE,75013,Open,No,No,No
Gare RATP de Joinville Le Pont,Woods,Bois de Vincennes,75012,,No,No,No
Chalet de vente n° 5 - Ceinture du Lac,Woods,31 Route de Ceinture du Lac Daumesnil,75012,,No,No,No
SQUARE GASTON BATY,Walkways,2 RUE MAINE,75014,Open,No,No,No
JARDIN FEDERICA MONTSENY,Walkways,2 V PL LOUIS ARMSTRONG,75013,Open,No,No,Yes
PARC GEORGES BRASSENS,Walkways,2 PL JACQUES MARETTE,75015,Open,No,Yes,No
PROMENADE PC 13 - POTERNE DES PEUPLIERS,Walkways,34 BOULEVARD KELLERMANN,75013,Open,No,No,No
Bois de Boulogne,Woods,,75016,Open,No,No,No
Bois de Boulogne,Woods,,75016,Open,No,No,No
Bois de Boulogne,Woods,,75016,Open,No,No,No
JARDIN DE L'HOPITAL SAINT-LOUIS,Walkways,40 RUE BICHAT,75010,Open,No,No,No
JARDIN HANS ET SOPHIE SCHOLL,Walkways,12 BOULEVARD DU BOIS LE PRETRE,75017,,No,No,No
JARDIN ANDREE ULMANN,Walkways,29 BD REIMS,75017,Open,No,No,No
JARDIN DE LA RUE GINETTE NEVEU,Walkways,21 RUE GINETTE NEVEU,75018,Open,No,No,No
Bois de Vincennes,Woods,,75012,Open,No,No,No
Bois de Vincennes,Woods,,75012,Open,No,No,No
Bois de Vincennes,Woods,,75012,Open,No,No,No
Bois de Vincennes,Woods,,75012,Open,No,No,No
JARDIN DE L'HOTEL LAMOIGNON - MARK ASHTON,Walkways,25 RUE DES FRANCS BOURGEOIS,75004,Open,No,No,No
SQUARE EMILY DICKINSON,Walkways,28 RUE ORMEAUX,75020,Open,No,No,No
SQUARE DE LA PAIX,Walkways,128 RUE LAGNY,75020,Open,No,No,No
PROMENADE JANE ET PAULETTE NARDAL,Walkways,98 RUE DIDOT,75014,Open,No,No,No
SQUARE BERLIOZ,Walkways,1 PL ADOLPHE MAX,75009,Open,No,No,No
JARDIN D'EOLE,Walkways,20 RUE DEPARTEMENT,75018,Open,No,No,No
SQUARE ALBERT SCHWEITZER,Walkways,10 RUE HOTEL VILLE,75004,Open,No,No,No
Le Chalet des Iles,Woods,Ile du Lac Inférieur,75016,,No,No,No
Bois de Vincennes,Woods,,75012,Open,No,No,No
Bois de Vincennes,Woods,,75012,Open,No,No,No
PARC DES BUTTES CHAUMONT,Walkways,,75019,Open,No,No,Yes
SQUARE JEAN PERRIN,Walkways,2   AVENUE FRANKLIN D ROOSEVELT,75008,,Yes,No,No
PELOUSE DE REUILLY,Walkways,13  ROUTE DE CEINTURE DU LAC DAUMESNIL,75012,,No,No,No
PROMENADE DE L'ALLEE DU SEMINAIRE - JEAN-JACQUES OLIER,Walkways,77 A RUE BONAPARTE,75006,,Yes,No,No
PROMENADE DU COURS ALBERT 1ER,Walkways,5 X COUR ALBERT IER,75008,Open,Yes,No,No
SQUARE DES MAURES,Walkways,150 X QU VALMY,75010,,Yes,No,No
JARDIN DE L'INTENDANT,Walkways,2 AV TOURVILLE,75007,Open,No,No,No
SQUARE DE LA TOUR SAINT-JACQUES,Walkways,1 B RUE SAINT MARTIN,75004,Open,No,No,No
SQUARE PRIOU - VALJEAN,Walkways,6 RUE FIGUIER,75004,Open,No,No,No
SQUARE DES MISSIONS ETRANGERES,Walkways,105 RUE BAC,75007,Open,No,No,No
SQUARE MADELEINE TRIBOLATI,Walkways,2 B RUE ROBERT BLACHE,75010,Open,No,No,No
Hippodrome de Vincennes,Woods,Route de la Ferme,75012,,No,No,No
JARDIN DE L'AVENUE FOCH - PELOUSE 07,Walkways,10 AV FOCH,75016,Open,Yes,No,No
JARDIN BRASSAI,Walkways,2 RUE EUGENE ATGET,75013,Open,No,No,No
Manège Le Carrousel,Woods,15 w Avenue de Bel Air,75012,,No,No,No
Les Bosquettes Butte Mortemart,Woods,43  Route de la Seine à la Butte Mortemart,75016,,No,No,No
"SEPE, Garage train",Woods,Parc Floral,75012,,No,No,No
Carrière hippique,Woods,Route de la Pyramide,75012,,No,No,No
JARDIN DE LA MONTGOLFIERE,Walkways,42 RUE MOULINET,75013,Open,No,No,No
JARDIN DURANTON,Walkways,9 RUE DURANTON,75015,Open,No,No,No
JARDIN DE LA RUE COMPANS,Walkways,39 RUE COMPANS,75019,Open,No,No,No
Bois de Vincennes,Woods,,75012,Open,No,No,No
JARDINIERES DE LA RUE SAINT-GILLES,Decorations,3 RUE SAINT-GILLES,75003,,No,,No
SQUARE DU CARDINAL VERDIER,Walkways,1 RUE THUREAU DANGIN,75015,Open,No,No,No
SQUARE JEAN COCTEAU,Walkways,126 AV FELIX FAURE,75015,Open,No,No,No
SQUARE PIERRE-ADRIEN DALPAYRAT,Walkways,21 RUE COTENTIN,75015,Open,No,No,No
SQUARE ALBERT TOURNAIRE,Walkways,4 X PL MAZAS,75012,Open,No,No,No
MAIL EMILE BOLLAERT,Walkways,18 AV PORTE AUBERVILLIERS,75019,Open,Yes,No,No
PROMENADE PEREIRE - RENNEQUIN / LAUGIER,Walkways,59 RUE RENNEQUIN,75017,Open,No,No,No
SQUARE ROBERT BAJAC,Walkways,1 BD KELLERMANN,75013,Open,Yes,No,No
JARDIN MARGUERITE LONG,Walkways,2 AV SALONIQUE,75017,Open,Yes,No,No
SQUARE LAMARTINE,Walkways,3 SQ LAMARTINE,75016,Open,No,No,No
SQUARE DU QUAI DE LA LOIRE,Walkways,33 QU LOIRE,75019,Open,Yes,No,No
SQUARE DU QUAI DE LA SEINE,Walkways,40 QU SEINE,75019,Open,Yes,No,No
Bois de Vincennes,Woods,,75012,Open,No,No,No
Bois de Vincennes,Woods,,75012,Open,No,No,No
Bois de Vincennes,Woods,,75012,Open,No,No,No
Bois de Vincennes,Woods,,75012,Open,No,No,No
CIMETIERE DE VAUGIRARD,Cemetary,"320, rue Lecourbe",75015,Open,No,No,No
SQUARE DU PETIT BOIS,Walkways,79 ALL DARIUS MILHAUD,75019,Open,No,No,No
Bois de Vincennes,Woods,,75012,Open,No,No,No
JARDINIERES DE LA RUE DE L'AMIRAL  ROUSSIN,Decorations,20   RUE DE L' AMIRAL ROUSSIN,75015,,No,No,No
JARDIN DE LA FONDATION NAPOLEON,Walkways,2 RUE PICPUS,75012,Open,No,No,No
Bois de Boulogne,Woods,,75016,Open,No,No,No
JARDINET DE LA PLACE DES VINS DE FRANCE,Small gardens,1   PLACE DES VINS DE FRANCE,75012,,No,No,No
JARDINET DE LA PLACE RAOUL FOLLEREAU,Small gardens,2   PLACE  RAOUL FOLLEREAU,75010,,No,No,No
CIMETIERE D'AUTEUIL,Cemetary,"57, rue Claude-Lorrain",75016,Open,No,No,No
JARDINIERES ANGLES DES RUES DAUMESNIL - CHARENTON,Decorations,197 BIS RUE DE CHARENTON,75012,,No,No,No
JARDINIERES DE LA PROMENADE PLANTEE TOLBIAC CHEVALERET,Decorations,64   RUE DU CHEVALERET,75013,,No,No,No
ECOLE D'HORTICULTURE DU BREUIL ARBORETUM,Walkways,0   ROUTE DE LA PYRAMIDE,75012,,No,No,No
ILE DE BERCY,Walkways,31 W ROUTE DE CEINTURE DU LAC DAUMESNIL,75012,Open,No,No,No
PROMENADE RUE D'AUBERVILLIERS,Walkways,166 RUE D' AUBERVILLIERS,75019,,No,No,No
JARDIN DE L'AVENUE FOCH - PELOUSE 23,Walkways,10 AV FOCH,75016,Open,Yes,No,No
JARDIN DE L'HOTEL SALE - LEONOR FINI,Walkways,90 RUE VIEILLE TEMPLE,75003,Open,No,No,No
JARDIN ANNE FRANK (HOTEL SAINT-AIGNAN),Walkways,16 IMP BERTHAUD,75003,Open,No,No,No
SQUARE SAMUEL ROUSSEAU,Walkways,28 RUE LAS CASES,75007,Open,No,No,No
JARDIN DE L'EGLISE SAINT-JEAN-DENYS-BÜHLER,Walkways,147 RUE GRENELLE,75007,Open,No,No,No
SQUARE MAURICE KRIEGEL-VALRIMONT DIT SQUARE DE CLIGNANCOURT,Walkways,1 SQ CLIGNANCOURT,75018,Open,No,No,No
Bois de Vincennes,Woods,,75012,Open,No,No,No
SQUARE DE L'ABBE ESQUERRE,Walkways,1 PL PRESIDENT MITHOUARD,75007,Open,No,No,No
SQUARE FROT-PHALSBOURG,Walkways,13 CITE PHALSBOURG,75011,Open,No,No,No
SQUARE FREDERIC ROSSIF,Walkways,173 T RUE CHARENTON,75012,Open,No,No,No
SQUARE DAMPIERRE - ROUVET,Walkways,6 RUE DAMPIERRE,75019,Open,No,No,No
SQUARE DES DEUX NETHES,Walkways,24 AV CLICHY,75018,Open,No,No,No
SQUARE DE LA PLACE DE L'ABBE GEORGES HENOCQUE,Walkways,1 PL ABBE GEORGES HENOCQUE,75013,Open,No,No,No
JARDIN ALBERTO GIACOMETTI,Walkways,1 RUE THERMOPYLES,75014,Open,No,No,No
SQUARE OLIVIER NOYER - LEONIDAS,Walkways,7 RUE LEONIDAS,75014,,No,No,No
JARDIN MARGUERITE BOUCICAUT,Walkways,7 ALLEE ISADORA DUNCAN,75015,Open,No,No,No
JARDIN JAN DOORNIK,Walkways,27 BD FLANDRIN,75016,,No,No,No
SQUARE SAINT-LAMBERT,Walkways,1 RUE THEOPHRASTE RENAUDOT,75015,Open,No,No,No
Bois de Boulogne,Woods,,75016,Open,No,No,No
JARDIN CLAIRE MOTTE,Walkways,6 PL PAUL TORTELIER,75017,Open,No,No,No
SQUARE CLAUDE CHARPENTIER,Walkways,14 RUE MONT CENIS,75018,Open,No,No,No
Bois de Vincennes,Woods,,75012,Open,No,No,No
Bois de Vincennes,Woods,,75012,Open,No,No,No
Bois de Vincennes,Woods,,75012,Open,No,No,No
SQUARE COURTELINE,Walkways,51 BD PICPUS,75012,Open,Yes,No,No
SQUARE JULES HENAFFE,Walkways,1 PL JULES HENAFFE,75014,Open,Yes,No,No
Bois de Vincennes,Woods,,75012,Open,No,No,No
SQUARE OLAVE ET ROBERT BADEN-POWELL,Walkways,59 RUE BAYEN,75017,Open,No,No,No
JARDIN CYPRIAN KAMIL NORWID,Walkways,46 RUE GRANDS MOULINS,75013,Open,No,No,No
SQUARE RUE DES PERICHAUX,Walkways,123 BD LEFEBVRE,75015,Open,Yes,No,No
Jardin de la rue Noël BALLAY,Walkways,2 RUE NOEL BALLAY,75020,Open,Yes,No,No
Fort Neuf,Woods,Cours des Maréchaux,75012,,No,No,No
Jeu de boules de Saint Maurice,Woods,8 w Route Saint Louis,75012,,No,No,No
PARC FLORAL DE PARIS,Walkways,7   CARREFOUR DE LA PYRAMIDE,75012,Open,No,No,No
JARDIN DE L'AVENUE FOCH - PELOUSE 10,Walkways,10 AV FOCH,75016,Open,Yes,No,No
JARDIN DE L'AVENUE FOCH - PELOUSE 19,Walkways,10 AV FOCH,75016,Open,Yes,No,No
JARDIN DE L'AVENUE FOCH - PELOUSE 18,Walkways,10 AV FOCH,75016,Open,Yes,No,No
SQUARE PIERRE JOSEPH REDOUTE,Walkways,132 B RUE CHARONNE,75011,Open,No,No,No
SQUARE FRANCK BAUER,Walkways,1 PL DUPLEIX,75015,Open,No,No,No
JARDIN ALLERAY - PROCESSION,Walkways,79 RUE ALLERAY,75015,Open,No,No,No
JARDIN DU MUSÉE DE MONTMARTRE,Institution gardens,,75018,,No,No,No
JARDIN DU LUXEMBOURG,State gardens,,75006,Open,No,No,No
Stade et tennis de Vincennes,Woods,Route de la Pyramide,75012,,No,No,No
Jardin d'Acclimatation,Woods,Route de la Porte des Sablons,75016,Open,No,No,No
SQUARE ALBAN SATRAGNE,Walkways,107 B RUE FAUBOURG SAINT DENIS,75010,Open,No,No,No
SQUARE DE LA RAFFINERIE SAY,Walkways,147 BD VINCENT AURIOL,75013,Open,No,No,No
SQUARE HELENE BOUCHER,Walkways,6 RUE FERNAND WIDAL,75013,Open,No,No,No
SQUARE DE LA RUE JEAN DUNAND (ZAC BAUDRICOURT),Walkways,14 RUE POINTE IVRY,75013,Open,No,No,No
APNLE,Woods,9 w Chemin de l'Abbaye,75016,,No,No,No
Bois de Boulogne,Woods,,75016,Open,No,No,No
Bois de Boulogne,Woods,,75016,Open,No,No,No
Bois de Vincennes,Woods,,75012,Open,No,No,No
PROMENADE PC 12 - SAHEL - VOUTE,Walkways,59 RUE DU SAHEL,75012,Open,No,No,No
JARDIN DE L'AVENUE DODE DE LA BRUNERIE,Walkways,1 AVENUE DODE DE LA BRUNERIE,75016,Open,No,No,No
SQUARE JEAN MOULIN,Walkways,2 RUE NICOLAS TAUNAY,75014,Open,No,No,No
JARDIN DE LA MAIRIE DU VIIIEME,Walkways,3 RUE LISBONNE,75008,Open,No,No,No
Guignol Les Marionnettes,Woods,Parc Floral,75012,,No,No,No
Bois de Boulogne,Woods,,75016,Open,No,No,No
PROMENADE PC 20 RUE DE LA MARE,Walkways,11 RUE DE LA MARE,75020,Open,No,No,No
SQUARE MARCEL SEMBAT,Walkways,2 RUE MARCEL SEMBAT,75018,Open,No,No,No
Jardin du Carré de BAUDOIN,Walkways,119 RUE MENILMONTANT,75020,Open,No,No,No
SQUARE DES RECOLLETS,Walkways,105 X QU JEMMAPES,75010,Open,Yes,No,No
Bois de Vincennes,Woods,,75012,Open,No,No,No
Bois de Vincennes,Woods,,75012,Open,No,No,No
JARDIN CLEMENCE-ANNICK BURGARD,Walkways,49 RUE PIERRE REBIERE,75017,,No,No,No
PROMENADE DU QUAI DE GRENELLE,Walkways,65   QUAI DE GRENELLE,75015,Open,Yes,No,No
PROMENADE BERNARD LAFAY - A6,Walkways,5 AV PORTE CHAMPERRET,75017,Open,No,No,No
SQUARE LEON SERPOLLET,Walkways,25 RUE CLOYS,75018,Open,No,No,No
PARC DE BERCY,Walkways,2 RUE JOSEPH KESSEL,75012,Open,Yes,No,No
Bois de Vincennes,Woods,,75012,Open,No,No,No
SQUARE GEORGES MELIES,Walkways,58 BD SOULT,75012,Open,No,No,Yes
SQUARE GEORGES LAMARQUE,Walkways,1 RUE FROIDEVAUX,75014,Open,Yes,No,No
SQUARE MAURICE GARDETTE,Walkways,2 RUE GENERAL BLAISE,75011,Open,No,No,No
JARDIN DES GRANDS MOULINS - ABBE PIERRE - JARDIN DE L'AVENUE DE FRANCE,Walkways,25 RUE MARIE ANDREE LAGROUA WEILL HALLE,75013,Open,Yes,No,No
SQUARE SERGE REGGIANI,Walkways,1 V PL BITCHE,75019,Open,Yes,No,No
WWF Le Domaine de Longchamp,Woods,Route de Sèvres à Neuilly,75016,,No,No,No
Les Bosquettes Plaine de Jeux,Woods,14 w Route du Champ d'Entraînement,75016,,No,No,No
Les Bosquettes Hippodrome/St Cloud,Woods,22 x Avenue de Saint Cloud,75016,,No,No,No
PARC CHAPELLE CHARBON,Walkways,rue de la Croix Moreau,75018,Open,No,No,No
JARDINIERES DE L'AVENUE DE LA PORTE DE VINCENNES (20EME),Decorations,1   AVENUE DE LA PORTE DE VINCENNES,75020,,No,No,No
JARDINIERE ANGLE DES RUES DES HAUDRIETTES - TEMPLE,Decorations,7   RUE DES HAUDRIETTES,75003,,No,No,No
JARDINIERES DE L'AVENUE DE LA PORTE DE VINCENNES (12EME),Decorations,2   AVENUE DE LA PORTE DE VINCENNES,75012,,No,No,No
JARDIN DE LA PLACE DU TROCADERO ET DU ONZE NOVEMBRE,Walkways,10   PLACE DU TROCADERO ET DU ONZE NOVEMBRE,75016,,Yes,No,No
ECOLE D'HORTICULTURE DU BREUIL,Walkways,0   ROUTE DE LA FERME,75012,,No,No,No
JARDIN DE MARIANNE,Walkways,16 PL NATION,75011,Open,Yes,No,No
COULEE VERTE RENE DUMONT - MAIL DE REUILLY - ALLEE VIVALDI,Walkways,11 ALL VIVALDI,75012,Open,Yes,No,No
"HIPPODROME D'AUTEUIL, PELOUSE A",Walkways,3  ROUTE D' AUTEUIL AUX LACS,75016,Open,No,No,No
JARDIN ALEXANDRE SOLJENITSYNE,Walkways,4 PL PORTE MAILLOT,75016,Open,No,No,No
SQUARE DE LA PORTE DE LA VILLETTE,Walkways,22 RUE CHEMIN FER,75019,Open,Yes,No,No
JARDIN DE L'AVENUE FOCH - PELOUSE 13,Walkways,10 AV FOCH,75016,Open,Yes,No,No
Bois de Boulogne,Woods,,75016,Open,No,No,No
SQUARE ROBERT MONTAGNE,Walkways,10 B RUE LARREY,75005,,No,No,No
SQUARE GEORGES SARRE,Walkways,5 AV JEAN AICARD,75011,Open,No,No,No
JARDIN PAUL NIZAN,Walkways,9 RUE INDUSTRIE,75013,Open,No,No,No
SQUARE BARGUE - PLATON,Walkways,134 RUE FALGUIERE,75015,Open,No,No,No
JARDIN DU PALAIS ROYAL,State gardens,,75001,Open,No,No,No
Fondation Vuitton,Woods,Avenue du Mahatma Gandhi,75016,,No,No,No
SQUARE GUSTAVE MESUREUR,Walkways,105 RUE JEANNE ARC,75013,Open,No,No,No
"SEPE, Les petits navires",Woods,"Parc Floral, aire de jeux",75012,,No,No,No
"SEPE Chesnaie, annexe",Woods,118 X Route de la Pyramide,75012,,No,No,No
JARDIN MICHELET,Walkways,233 T RUE TOLBIAC,75013,Open,No,No,No
SQUARE LOUIS MAJORELLE,Walkways,28 RUE FORGE ROYALE,75011,Open,No,No,No
SQUARE SARAH BERNHARDT,Walkways,13 RUE MOUNET SULLY,75020,Open,No,No,No
PROMENADE JANE ET PAULETTE NARDAL,Walkways,98 RUE DIDOT,75014,Open,No,No,No
JARDIN FRANCOISE MALLET-JORIS,Walkways,11 RUE ALPHONSE BOUDARD,75013,Open,No,No,No
JARDIN DU 62 AU 68 RUE D'ALLERAY,Walkways,62 RUE ALLERAY,75015,Open,No,No,No
JARDIN SAÏDA,Walkways,68 RUE DANTZIG,75015,Open,No,No,No
JARDIN DE L'ABONDANCE,Walkways,2 AVENUE DE TOURVILLE,75007,Open,No,No,No
Bois de Boulogne,Woods,,75016,Open,No,No,No
Bois de Boulogne,Woods,,75016,Open,No,No,No
Bois de Vincennes,Woods,,75012,Open,No,No,No
Bois de Vincennes,Woods,,75012,Open,No,No,No
PROMENADE PEREIRE - MARECHAL JUIN,Walkways,7 PL MARECHAL JUIN,75017,Open,No,No,No
Bois de Vincennes,Woods,,75012,Open,No,No,No
Bois de Vincennes,Woods,,75012,Open,No,No,No
Bois de Vincennes,Woods,,75012,Open,No,No,No
SQUARE CLAUDE BERNARD,Walkways,176 BD MACDONALD,75019,Open,No,No,No
PROMENADE BERNARD LAFAY - A4,Walkways,12 BD AURELLE PALADINES,75017,Open,Yes,No,No
SQUARE BOUCICAUT,Walkways,1 RUE BABYLONE,75007,Open,No,No,Yes
SQUARE SAINTE-ODILE,Walkways,9 BD SOMME,75017,Open,No,No,No
SQUARE DE LA PORTE DE LA PLAINE,Walkways,16 RUE GENERAL GUILLAUMAT,75015,Open,No,No,No
JARDIN BENOIT FRACHON,Walkways,1 AV BENOIT FRACHON,75020,Open,Yes,No,No
SQUARE REJANE,Walkways,58 RUE LAGNY,75020,Open,No,No,No
BERNARD LAFAY (C3),Walkways,8 BD REIMS,75017,Open,Yes,No,No
Les Terrains de Rugby de l'ACBB,Woods,Route de la Seine à la Butte Mortemart,75016,,No,No,No
Chalet du Lac de Saint Mandé,Woods,1 w Avenue de Bel Air,75012,,No,No,No
Bois de Vincennes,Woods,,75012,Open,No,No,No
ALEXANDRE 1ER DE YOUGOSLAVIE,Walkways,5 BIS PLACE DE COLOMBIE,75016,Open,No,No,No
Jardin d'immeubles de la porte de Bagnolet,Walkways,7 RUE HENRI DUVERNOIS,75020,Open,Yes,No,No
SQUARE LEOPOLD ACHILLE,Walkways,5 RUE PARC ROYAL,75003,Open,No,No,No
JARDIN DE LA FONDATION NATIONALE DES ARTS GRAPHIQUES ET PLASTIQUES SALOMON DE ROTHSCHILD,Walkways,22 RUE BALZAC,75008,Open,No,No,No
JARDIN DES PLANTES,State gardens,,75005,Open,No,No,No
Cercle du Bois de Boulogne,Woods,Route de l'Etoile,75016,,No,No,No
Le Polo de Bagatelle,Woods,Route des Moulins,75016,,No,No,No
JARDIN DU GYMNASE ALICE MILLIAT,Walkways,11 C RUE D' ALESIA,75014,,No,No,No
JARDIN D'IMMEUBLES CHOISY - CAILLAUX,Walkways,1 RUE CAILLAUX,75013,Open,No,No,No
SQUARE JOEL LE TAC,Walkways,3 PL CONSTANTIN PECQUEUR,75018,Open,No,No,No
Stades de Joinville,Woods,Avenue des Canadiens,75012,,No,No,No
Embarcadère Chalet des Iles,Woods,2 Chemin de Ceinture du Lac Inférieur,75016,,No,No,No
JARDIN BERTHE MORISOT,Walkways,34 RUE DESSOUS BERGES,75013,Open,No,No,No
SQUARE DU DOCTEUR CALMETTE,Walkways,35 AV ALBERT BARTHOLOME,75015,Open,No,No,No
SQUARE SAINT-ELOI,Walkways,11 RUE COLONEL ROZANOFF,75012,Open,No,No,No
Bois de Boulogne,Woods,,75016,Open,No,No,No
Bois de Vincennes,Woods,,75012,Open,No,No,No
JARDIN DE LA PLACE GILBERT PERROY,Walkways,PLACE GILBERT PERROY,75014,,No,,No
SQUARE YVES KLEIN,Walkways,24 RUE CAMPAGNE 1ERE,75014,,No,No,No
Bois de Vincennes,Woods,,75012,Open,No,No,No
JARDIN BERTHE WEILL,Walkways,1 RUE DE THORIGNY,75003,Open,No,No,No
JARDIN DES ENFANTS DU VELODROME D'HIVER,Walkways,5 RUE NELATON,75015,,No,No,No
SQUARE LOUISE MICHEL,Walkways,6 PL SAINT PIERRE,75018,Open,No,No,Yes
JARDIN HENRI SAUVAGE,Walkways,5 RUE AMIRAUX,75018,Open,No,No,No
Bois de Vincennes,Woods,,75012,Open,No,No,No
Bois de Vincennes,Woods,,75012,Open,No,No,No
SQUARE HELENE,Walkways,12 RUE HELENE,75017,,No,No,No
SQUARE EUGENIE COTTON,Walkways,60 RUE COMPANS,75019,Open,No,No,No
SQUARE EUGENE THOMAS,Walkways,187 T RUE CHARENTON,75012,Open,Yes,No,No
Bois de Vincennes,Woods,,75012,Open,No,No,No
Bois de Vincennes,Woods,,75012,Open,No,No,No
Bois de Vincennes,Woods,,75012,Open,No,No,No
SQUARE HENRI ET ACHILLE DUCHENE,Walkways,148 RUE VERCINGETORIX,75014,Open,Yes,No,No
SQUARE LOUIS XVI,Walkways,29 RUE PASQUIER,75008,Open,No,No,No
SQUARE DU SERMENT DE KOUFRA,Walkways,30 X AV ERNEST REYER,75014,Open,No,No,No
SQUARE JEROME BELLAT,Walkways,2 PL STUART MERRILL,75017,Open,No,No,No
JARDIN DES GRANDS MOULINS - ABBE PIERRE - JARDIN DES ECOLES,Walkways,22 RUE THOMAS MANN,75013,Open,No,No,No
SQUARE DE LA RUE CHARLES HERMITE,Walkways,40 RUE CHARLES HERMITE,75018,Open,No,No,No
Bois de Boulogne,Woods,,75016,Open,No,No,No
Bois de Vincennes,Woods,,75012,Open,No,No,No
JARDIN ARNAUD BELTRAME,Walkways,2 RUE DES MINIMES,75003,Open,No,,No
PROMENADE RICHARD LENOIR  PELEE-SAINT SEBASTIEN (ALLEE PAULINE LEON),Walkways,35   BOULEVARD RICHARD LENOIR,75011,,Yes,No,No
ARCHIPEL DES BERGES DE LA SEINE - NIKI DE SAINT-PHALLE,Walkways,2 W PORT DU GROS CAILLOU,75007,Open,No,No,No
JARDINET BRUNE VERCINGETORIX,Small gardens,3   BOULEVARD BRUNE,75014,Open,No,No,No
JARDINET DE LA RUE ALPHONSE BAUDIN,Small gardens,13   RUE ALPHONSE BAUDIN,75011,,No,No,No
CIMETIERE DES BATIGNOLLES,Cemetary,8   RUE SAINT-JUST,75017,Open,No,No,No
JARDINIERE DE LA PLACE DE L'ESTRAPADE,Decorations,1   PLACE DE L' ESTRAPADE,75005,,No,No,No
JARDINIERES DE LA RUE DES MORILLONS,Decorations,38 BIS  RUE DES MORILLONS,75015,,No,No,No
MAIL PIERRE DESPROGES DIT TROTTOIR PIERRE DESPROGES,Walkways,143   RUE DE LA ROQUETTE,75011,,Yes,No,No
JARDIN MARIE TRINTIGNANT,Walkways,17 RUE AVE MARIA,75004,Open,Yes,No,No
JARDIN DE LA PLACE SOUHAM,Walkways,5 PL SOUHAM,75013,Open,Yes,No,No
JARDIN DE L'AVENUE FOCH - PELOUSE 05,Walkways,10 AV FOCH,75016,Open,Yes,No,No
JARDIN DE L'AVENUE FOCH - PELOUSE 08,Walkways,10 AV FOCH,75016,Open,Yes,No,No
SQUARE SANTIAGO DU CHILI,Walkways,1 PL SALVADOR ALLENDE,75007,Open,No,No,No
JARDIN DES COLONNES,Walkways,2 PL SEOUL,75014,Open,No,No,No
SQUARE RESTIF DE LA BRETONNE,Walkways,2 RUE BUCHERIE,75005,,No,No,No
JARDIN VISCONTI-ALICE SAUNIER SEITE,Walkways,8 RUE VISCONTI,75006,Open,No,No,No
SQUARE SAINT-BERNARD - SAID BOUZIRI,Walkways,16 RUE AFFRE,75018,Open,No,No,No
Promenade de la hauteur,Walkways,Hôpital de la Salpêtrière,75013,,No,No,No
Tennis Club de Joinville,Woods,Route de la Pyramide,75012,,No,No,No
Blockhaus Maunoury,Woods,Avenue de Saint-Cloud,75016,,No,No,No
L'Orée du Bois,Woods,Boulevard Maillot,75016,,No,No,No
SQUARE MARIE CURIE,Walkways,29 BD HOPITAL,75013,Open,No,No,No
JARDINIERES DE LA PLACE DE LA NATION (11eme),Decorations,2   PLACE DE LA NATION,75012,,Yes,No,No
Jardin curial,Walkways,94 RUE CURIAL,75019,Open,No,No,No
SQUARE TROUSSEAU,Walkways,6 RUE ANTOINE VOLLON,75012,Open,No,No,No
SQUARE CASTAGNARY - BESSIN,Walkways,3 RUE DU BOCAGE,75015,Open,No,No,No
JARDIN DE LA BIBLIOTHEQUE NATIONALE DE FRANCE,Walkways,5 RUE VIVIENNE,75002,,No,,No
SQUARE MICHEL FOUCAULT,Small gardens,43 Q RUE DES ECOLES,75005,Open,No,No,No
JARDIN DES SERRES D'AUTEUIL,Walkways,3 AV PORTE AUTEUIL,75016,Open,No,No,No
Bois de Boulogne,Woods,,75016,Open,No,No,No
Bois de Boulogne,Woods,,75016,Open,No,No,No
Bois de Vincennes,Woods,,75012,Open,No,No,No
JARDIN JACQUES AUDIBERTI,Walkways,25 AV PORTE VILLIERS,75017,Open,No,No,No
JARDIN DE LA RUE REBEVAL,Walkways,13 RUE REBEVAL,75019,Open,No,No,No
JARDIN DES GRANDS MOULINS - ABBE PIERRE - JARDIN CENTRAL,Walkways,25 RUE THOMAS MANN,75013,Open,No,No,No
Square des Grès,Walkways,57 RUE VITRUVE,75020,Open,No,No,No
Bois de Vincennes,Woods,,75012,Open,No,No,No
Bois de Vincennes,Woods,,75012,Open,No,No,No
JARDIN DE LA FOLIE TITON,Walkways,17 RUE TITON,75011,Open,No,No,No
SQUARE DU DOCTEUR VARIOT,Walkways,162 AV GAMBETTA,75020,Open,Yes,No,No
UCPA Club Bayard Equitation,Woods,Avenue du Polygone,75012,,No,No,No
TALUS DE LA RUE DU CHEVALERET,Decorations,14 RUE LEO FRANKEL,75013,,No,,No
SQUARE FREDERIC LEMAITRE,Walkways,42 X QU VALMY,75010,Open,No,No,No
Chalet de vente de la Porte Jaune,Woods,60 w Route Circulaire,75012,,No,No,No
SQUARE JULES FERRY,Walkways,1   BOULEVARD JULES FERRY,75011,Open,No,No,No
SQUARE PABLO CASALS,Walkways,49 RUE EMERIAU,75015,,Yes,No,No
JARDIN DES MERES ET GRAND-MERES DE LA PLACE DE MAI,Walkways,2 RUE BALARD,75015,Open,Yes,No,No
SQUARE FEDERICO GARCIA LORCA,Walkways,7 W PORT HOTEL VILLE,75004,Open,Yes,No,No
SQUARE OLGA BANCIC,Walkways,34 RUE GODEFROY CAVAIGNAC,75011,Open,No,No,No
Jeu de boules La Nogentaise,Woods,14 w Route de la Ménagerie,75012,,No,No,No
SQUARE LOUVOIS,Walkways,69 B RUE RICHELIEU,75002,Open,No,No,No
JARDIN DU MUSÉE RODIN,Institution gardens,,75007,,No,No,No
Quartier de travail Hippodrome de Vincennes,Woods,Route du Pesage,75012,,No,No,No
Pavillon Windsor,Woods,4 Route du Champ d'Enttraînement,75016,,No,No,No
Le Pavillon Dauphine,Woods,Route des Lacs à la Porte des Sablons,75016,,No,No,No
Le Pavillon d'Armenonville,Woods,121 w Allée de Longchamp,75016,,No,No,No
JARDIN BREGUET,Walkways,27 RUE BREGUET,75011,Open,No,No,Yes
SQUARE FLORENCE BLUMENTHAL,Walkways,93 RUE CHATEAU RENTIERS,75013,Open,No,No,No
Chalet des Gaufres,Woods,146 w Route de la Tourelle,75012,,No,No,No
JARDIN ELISABETH BOSELLI,Walkways,34 BOULEVARD VICTOR,75015,Open,No,No,No
JARDIN MAUDY PIOT-JACOMET,Walkways,8 RUE SUISSES,75014,Open,No,No,No
Bois de Boulogne,Woods,,75016,Open,No,No,No
Bois de Boulogne,Woods,,75016,Open,No,No,No
Bois de Boulogne,Woods,,75016,Open,No,No,No
Bois de Vincennes,Woods,,75012,Open,No,No,No
Bois de Boulogne,Woods,,75016,Open,No,No,No
SQUARE DE LA RUE HENRI HUCHARD,Walkways,36 AV PORTE SAINT OUEN,75018,Open,No,No,No
SQUARE ALEXIS CLEREL DE TOCQUEVILLE,Walkways,89 RUE TOCQUEVILLE,75017,Open,No,No,No
SQUARE HENRY BATAILLE,Walkways,66 BD SUCHET,75016,Open,Yes,No,No
Bois de Vincennes,Woods,,75012,Open,No,No,No
Bois de Vincennes,Woods,,75012,Open,No,No,No
JARDINS DES CHAMPS ELYSEES,Walkways,5 AV CHAMPS ELYSEES,75008,Open,Yes,No,No
SQUARE RUE PETIT,Walkways,25 RUE PETIT,75019,,No,No,No
SQUARE MARCEL MOULOUDJI,Walkways,12 RUE PIERRE REVERDY,75019,Open,No,No,No
Square Pierre SEGHERS,Walkways,22 RUE HELENE JAKUBOWICZ,75020,Open,No,No,No
SQUARE CLAUDE-NICOLAS LEDOUX,Walkways,10 M PL DENFERT ROCHEREAU,75014,Open,Yes,No,No
Bois de Vincennes,Woods,,75012,Open,No,No,No
Bois de Vincennes,Woods,,75012,Open,No,No,No
Bois de Vincennes,Woods,,75012,Open,No,No,No
JARDIN DU GYMNASE ALICE MILLIAT,Walkways,11 C RUE ALESIA,75014,,No,No,No
Club Tir à l'Arc,Woods,10 w Route Saint Louis,75012,,No,No,No
Ecole Chiens-guides d'Aveugles,Woods,102 Avenue de Saint Maurice,75012,,No,No,No
Les Jardins de Bagatelle,Woods,1 X Route de Sèvres à Neuilly,75016,,No,No,No
PLATE-BANDE DE LA PLACE DE LA BATAILLE DE STALINGRAD,Small gardens,4 Q PLACE DE LA BATAILLE DE STALINGRAD,75019,,No,No,No
MAIL DU PASSAGE NAFISSA SID CARA,Decorations,1 Z PASSAGE NAFISSA SID CARA,75019,,No,No,No
JARDIN D'AGRONOMIE TROPICALE,Walkways,45 BIS AVENUE DE LA BELLE GABRIELLE * NOGENT FONTENAY,75012,Open,No,No,No
JARDIN DE L'AVENUE FOCH - PELOUSE 02,Walkways,10 AV FOCH,75016,Open,Yes,No,No
JARDIN DE LA PLACE DU MARECHAL DELATTRE DE TASSIGNY,Walkways,5 PL MARECHAL LATTRE TASSIGNY,75016,,Yes,No,No
JARDINS D'IMMEUBLES PORTE DE VINCENNES NORD (DIT CRISTINO GARCIA),Walkways,115 RUE LAGNY,75020,Open,Yes,No,No
JARDINET MADELEINE DE SCUDERY,Walkways,3 RUE OISEAUX,75003,Fermé,No,No,No
Jeux de Boules-Bridge de Saint Mandé,Woods,21 w Route du Lac de Saint Mandé,75012,,No,No,No
SQUARE DE JESSAINT,Walkways,21 PL CHAPELLE,75018,Fermé,No,No,No
SQUARE CHARLES PEGUY,Walkways,21 RUE ROTTEMBOURG,75012,Open,No,No,No
PARC KELLERMANN,Walkways,19 RUE POTERNE PEUPLIERS,75013,Open,No,No,No
SQUARE NICOLE DE HAUTECLOCQUE,Walkways,1 PL ALFRED SAUVY,75015,Open,No,No,No
SQUARE SUZANNE BUISSON,Walkways,7 B RUE GIRARDON,75018,Open,No,No,No
Gare RATP Château de Vincennes,Woods,Avenue de Nogent,75012,,No,No,No
SEPE,Woods,26 Route du Champ Manoeuvres,75012,,No,No,No
Concession location de barques,Woods,11 v Chemin de Ceinture du Lac Inférieur,75016,,No,No,No
SQUARE DES JONQUILLES,Walkways,219 RUE VERCINGETORIX,75014,Open,No,No,No
JARDIN DES PETITES RIGOLES,Walkways,1 RUE FERNAND RAYNAUD,75020,Open,No,No,No
SQUARE PAUL GILOT,Walkways,38 B RUE CONVENTION,75015,Fermé,No,No,No
JARDIN LILY LASKINE,Walkways,35 RUE JACQUES IBERT,75017,Open,No,No,No
SQUARE DE L'OISEAU LUNAIRE,Walkways,51 RUE BLOMET,75015,Open,No,No,No
SQUARE LOUIS XIII,Walkways,1 PL VOSGES,75004,Open,No,No,Yes
SQUARE RENE VIVIANI-MONTEBELLO,Walkways,25 QU MONTEBELLO,75005,Open,No,No,No
Bois de Boulogne,Woods,,75016,Open,No,No,No
SQUARE DE LA MADONE,Walkways,17 RUE ROSES,75018,Open,No,No,No
Bois de Vincennes,Woods,,75012,Open,No,No,No
Bois de Vincennes,Woods,,75012,Open,No,No,No
Bois de Vincennes,Woods,,75012,Open,No,No,No
Bois de Vincennes,Woods,,75012,Open,No,No,No
JARDIN DE L'AVENUE FOCH - PELOUSE 14,Walkways,10 AV FOCH,75016,Open,Yes,No,No
JARDIN SAMUEL DE CHAMPLAIN,Walkways,18 AV GAMBETTA,75020,Open,No,No,No
SQUARE DU CAPORAL PEUGEOT,Walkways,2 RUE CAPORAL PEUGEOT,75017,Open,No,No,No
JARDINETS ANGLE DES RUES DES PETITS CARREAUX - ABOUKIR,Decorations,41   RUE DES PETITS CARREAUX,75002,,No,No,No
JARDIN DE LA CITE INTERNATIONALE DES ARTS,Private gardens,24   RUE NORVINS,75018,,No,No,No
SQUARE DAUMESNIL,Walkways,29  ROUTE DE CEINTURE DU LAC DAUMESNIL,75012,,No,No,No
"HIPPODROME D'AUTEUIL, PELOUSE B",Walkways,3  ROUTE D' AUTEUIL AUX LACS,75016,Open,No,No,No
PROMENADE DE LA FORET LINEAIRE,Walkways,13 QU LOT,75019,,Yes,No,No
JARDIN DE LA PLACE PIERRE LAFUE,Walkways,2 V PL PIERRE LAFUE,75006,,Yes,No,No
JARDIN DE L'ECOLE POLYTECHNIQUE,Walkways,11 RUE DESCARTES,75005,,No,No,No
SQUARE JACQUES BIDAUT,Walkways,18 RUE LUNE,75002,Open,No,No,No
SQUARE DU VERT GALANT,Walkways,4 W PL PONT 9,75001,Open,Yes,No,No
JARDIN DU MUSÉE MUNICIPAL COGNACQ-JAY,Institution gardens,,75003,,No,No,No
CIMETIÈRE DE MONTROUGE,Non parisian cemetary,,75014,,No,No,No
Société Equestre de l'Etrier,Woods,Route des Lacs à Madrid,75016,,No,No,No
Square rue Léon Frapié,Walkways,7 RUE NOISY SEC,75020,Open,No,No,No
JARDIN DEBERGUE-RENDEZ-VOUS,Walkways,30 RUE RENDEZ VOUS,75012,Open,No,No,No
JARDIN DES DEUX MOULINS,Walkways,78 AV EDISON,75013,Open,No,No,No
JARDIN FRANCOISE HERITIER,Walkways,1 PL GARENNE,75014,Open,No,No,No
Le Chalet des Acacias,Woods,42 w Chemin de Ceinture du Lac Inférieur,75016,,No,No,No
Location de barques du Lac Daumesnil,Woods,43 Route de Ceinture du Lac Daumesnil,75012,,No,No,No
JARDIN DE L'HOTEL DE SENS,Walkways,8 RUE DES NONNAINS D'HYERES,75004,Open,No,No,No
JARDIN EMILE GALLE,Walkways,32 RUE NEUVE BOULETS,75011,Open,No,No,No
Bois de Boulogne,Woods,,75016,Open,No,No,No
PROMENADE PC 12 - DAUMESNIL - SAHEL,Walkways,22 RUE DE MONTEMPOIVRE,75012,Open,No,No,No
SQUARE NECKER,Walkways,13 RUE PROCESSION,75015,Open,No,No,No
JARDIN DU MOULIN DES TROIS CORNETS,Walkways,2 T RUE RAYMOND LOSSERAND,75014,Open,No,No,No
SQUARE DU TCHAD,Walkways,8 AV GENERAL SARRAIL,75016,Open,No,No,No
JARDIN ILAN HALIMI (ANC. RUE DE FECAMP - MICHEL BIZOT),Walkways,54 RUE FECAMP,75012,Open,No,No,No
JARDIN ATLANTIQUE,Walkways,17 ALL 2E B,75015,Open,No,No,No
JARDIN PARTAGE DU 3 PASSAGE DES PATRIARCHES,Temporary installations,3 PASSAGE DES PATRIARCHES,75005,,No,No,No
Bois de Boulogne,Woods,,75016,Open,No,No,No
Bois de Boulogne,Woods,,75016,Open,No,No,No
Bois de Vincennes,Woods,,75012,Open,No,No,No
JARDIN LEON ZYGUEL,Walkways,77 RUE PIXERECOURT,75020,Open,No,No,No
SQUARE DE L'AMERIQUE LATINE,Walkways,8 PL PORTE CHAMPERRET,75017,Open,No,No,No
Bois de Vincennes,Woods,,75012,Open,No,No,No
Bois de Vincennes,Woods,,75012,Open,No,No,No
Square Antoine BLONDIN,Walkways,126 RUE BAGNOLET,75020,Open,No,No,No
Square Louis LUMIERE (Centre Handisports),Walkways,42 RUE LOUIS LUMIERE,75020,,No,No,No
JARDIN DE LA RUE DES COURONNES,Walkways,73 RUE COURONNES,75020,Open,No,No,No
Jardin des rues Maronites-Pressoir,Walkways,3 RUE PRESSOIR,75020,Open,No,No,No
SQUARE ROBERT SCHUMANN,Walkways,20 BD LANNES,75016,Open,Yes,No,No
Bois de Vincennes,Woods,,75012,Open,No,No,No
SQUARE YILMAZ GUNEY,Walkways,25 RUE DE L' ECHIQUIER,75010,Open,No,No,No
PROMENADE RICHARD LENOIR SQUARE RICHARD LENOIR,Walkways,35   BOULEVARD RICHARD LENOIR,75011,Open,No,No,No
SQUARE BRANCION,Walkways,27 AV PORTE BRANCION,75015,Open,No,No,No
SQUARE EDOUARD VAILLANT,Walkways,3 B RUE CHINE,75020,Open,No,No,No
SQUARE ALEXANDRE ET RENE PARODI,Walkways,1 PL PORTE MAILLOT,75016,Open,Yes,No,No
MAIL MAURICE NOGUES,Walkways,15 RUE MAURICE NOGUES,75014,,No,No,No
SQUARE HENRI CHRISTINE,Walkways,151 X QU JEMMAPES,75010,Open,Yes,No,No
Chalet des Iles Daumesnil,Woods,25 w Route de Ceinture du Lac Daumesnil,75012,,No,No,No
PROMENADE BERNARD LAFAY - C3,Walkways,8 BOULEVARD DE REIMS,75017,,No,,No
JARDIN SAINT-LAZARE,Walkways,12   RUE LEON SCHWARTZENBERG,75010,Open,No,No,No
JARDIN OLYMPIADES,Walkways,42   RUE DU JAVELOT,75013,Open,No,No,No
CIMETIERE DE L'EST PARISIEN DIT DU PÈRE LACHAISE,Cemetary,16   RUE DU REPOS,75020,Open,No,No,No
CIMETIERE SAINT-VINCENT,Cemetary,"6, rue Lucien-Gaulard",75018,Open,No,No,No
ESPLANADE DES INVALIDES,Walkways,15 RUE FABERT,75007,Open,Yes,No,No
PROMENADE D'AUSTRALIE 7E,Walkways,14 X QU BRANLY,75007,,Yes,No,No
SQUARE DE LA PLACE DAUPHINE,Walkways,2 PL DAUPHINE,75001,Open,Yes,No,No
PROMENADE DE L'ALLEE DES CYGNES,Walkways,4 V ALL CYGNES,75015,,Yes,No,No
SQUARE DE L'ILE DE FRANCE,Walkways,1 QU ARCHEVECHE,75004,Open,No,No,No
SQUARE EMILE COHL,Walkways,60 BD SOULT,75012,Open,No,No,Yes
JARDIN DE LA RUE DU SIMPLON (JARDIN D'ENFANTS),Walkways,36 RUE SIMPLON,75018,Open,No,No,No
JARDIN FRANCOISE GIROUD,Walkways,4 PL ITALIE,75013,Open,Yes,No,No
Allée des fortifications,Walkways,Allée des fortifications,75016,,No,No,No
CIMETIÈRE DE VALMY,Non parisian cemetary,,75012,,No,No,No
Hippodrome d'Auteuil,Woods,Route d'Auteuil aux Lacs,75016,Open,No,No,No
SQUARE D'ESTIENNE D'ORVES,Walkways,1 PL ESTIENNE ORVES,75009,Open,No,No,No
SQUARE MONTHOLON,Walkways,79 RUE FAYETTE,75009,Open,No,Yes,No
SQUARE ALEX BISCARRE,Walkways,31 RUE NOTRE DAME LORETTE,75009,Open,No,No,No
SQUARE RAOUL NORDLING,Walkways,32 RUE SAINT BERNARD,75011,Open,No,No,No
JARDIN DE LA PLACE DU DOCTEUR NAVARRE,Walkways,2 V PL DOCTEUR NAVARRE,75013,Open,No,No,No
Jeu de Boules Saint James,Woods,Route de la Muette à Neuilly,75016,,No,No,No
Centre Equestre de la Cartoucherie,Woods,Route du Champ de Manoeuvre,75012,,No,No,No
Chalet de vente n° 2 Jeu de Boules de Saint-Mandé,Woods,23 w Route du Lac de Saint Mandé,75012,,No,No,No
SQUARE HECTOR MALOT,Walkways,17 RUE HECTOR MALOT,75012,Open,No,No,No
Jardin de l'Hospice DEBROUSSE,Walkways,148 RUE BAGNOLET,75020,Open,No,No,No
JARDIN CASQUE D'OR,Walkways,12 RUE MICHEL BOURGES,75020,Open,No,No,No
Redoute de Gravelle,Woods,Avenue de l'Ecole de Joinville,75012,,No,No,No
Bois de Boulogne,Woods,,75016,Open,No,No,No
Bois de Boulogne,Woods,,75016,Open,No,No,No
PROMENADE PEREIRE - TERNES / MAILLOT,Walkways,87 AV TERNES,75017,Open,No,No,No
SQUARE DU CHANOINE VIOLLET,Walkways,27 RUE OLIVIER NOYER,75014,Open,No,No,No
SQUARE ROGER STEPHANE,Walkways,7 RUE RECAMIER,75007,,No,No,No
Bois de Vincennes,Woods,,75012,Open,No,No,No
JARDIN MARTHA  DESRUMAUX,Walkways,20 RUE DE REUILLY,75012,Open,No,No,No
JARDIN MARY CASSAT,Walkways,55 BD PICPUS,75012,Open,No,No,No
JARDIN JUAN MIRO,Walkways,40 RUE GANDON,75013,Open,No,No,No
SQUARE CARPEAUX,Walkways,23 RUE CARPEAUX,75018,Open,No,No,No
JARDIN DU 8 RUE DE LA MADONE (JARDIN EVANGILE),Walkways,8 RUE MADONE,75018,Open,No,No,No
PARC DE BERCY,Walkways,2 RUE JOSEPH KESSEL,75012,Open,Yes,No,No
SQUARE BARYE,Walkways,2 BD HENRI 4,75004,Open,Yes,No,No
Bois de Vincennes,Woods,,75012,Open,No,No,No
Bois de Vincennes,Woods,,75012,Open,No,No,No
Bois de Vincennes,Woods,,75012,Open,No,No,No
JARDIN MARIELLE-FRANCO,Walkways,46 RUE D' ALSACE,75010,Open,No,No,No
PARC MONCEAU,Walkways,1 PL REPUBLIQUE DOMINICAINE,75008,Open,No,Yes,No
SQUARE LEON TOLSTOI,Walkways,1 AV MARECHAL LYAUTEY,75016,Open,Yes,No,No
SQUARE DES ECRIVAINS COMBATTANTS MORTS POUR LA FRANCE,Walkways,23 AV MARECHAL MAUNOURY,75016,Open,Yes,No,No
Bois de Vincennes,Woods,,75012,Open,No,No,No
PROMENADE PC 12 - CHARENTON - DAUMESNIL,Walkways,331 RUE DE CHARENTON,75012,Open,No,No,No
PROMENADE PC 14 - JEAN MOULIN - DIDOT,Walkways,60 AVENUE JEAN MOULIN,75014,Open,No,No,No
SQUARE CARNOT,Walkways,3  ESPLANADE SAINT-LOUIS,75012,Open,Yes,No,No
SQUARE HELOISE ET ABELARD,Walkways,22 RUE PIERRE GOURDAULT,75013,Open,No,No,No
SQUARE CAMBRONNE,Walkways,3 RUE ALEXANDRE CABANEL,75015,Open,No,No,No
Bois de Vincennes,Woods,,75012,Open,No,No,No
SQUARE CHARLES DE GAULLE,Walkways,3 AVENUE DU GENERAL DE GAULLE,94300,,No,,No
DECORATION DE LA PLACE LUCIEN HERR,Decorations,2   PLACE LUCIEN HERR,75005,,No,No,No
PROMENADE DU QUAI ANDRE CITROEN,Walkways,13   QUAI ANDRE CITROEN,75015,Open,Yes,No,No
PROMENADE BERNARD LAFAY - B2,Walkways,8   BOULEVARD DE REIMS,75017,Open,No,No,No
SQUARE DU JEU DE BOULES DE SAINT MANDE,Walkways,23 W ROUTE DE  LAC DE SAINT-MANDÉ,75012,Open,No,No,No
PELOUSE DE SAINT CLOUD,Walkways,28 W AVENUE DE  SAINT CLOUD,75016,,No,No,No
JARDIN PAUL BOURGET,Walkways,1 RUE PAUL BOURGET,75013,Open,Yes,No,No
PROMENADE DE L'AVENUE DE BRETEUIL,Walkways,16 V ESPL SOUVENIR FRANCAIS,75007,Open,Yes,No,No
SQUARE DE LA PLACE ETIENNE PERNET,Walkways,30 PL ETIENNE PERNET,75015,Open,Yes,No,No
JARDINS DU TROCADERO,Walkways,1 PL VARSOVIE,75016,Open,Yes,No,No
SQUARE ALBERT BESNARD,Walkways,9 PL MARECHAL JUIN,75017,Open,Yes,No,No
JARDIN DE LA PLACE JEAN-PAUL II,Walkways,2 W PL PARVIS NOTRE DAME PLACE JEAN PAUL 2,75004,Open,Yes,No,No
SQUARE PAUL LANGEVIN,Walkways,19 B RUE ECOLES,75005,Open,No,No,No
JARDIN DU 122 RUE DES POISSONNIERS,Walkways,122 RUE POISSONNIERS,75018,Open,No,No,No
Bois de Vincennes,Woods,,75012,Open,No,No,No
Jardin du passage STENDHAL,Walkways,7 PAS STENDHAL,75020,,No,No,No
JARDIN DES COMBATTANTS DE LA NUEVE,Walkways,2 PL HOTEL VILLE ESPLANADE LIBERATION,75004,Open,No,No,No
JARDIN DU MUSÉE DU QUAI BRANLY,Institution gardens,,75007,,No,No,No
Centre Culturel de la Cartoucherie,Woods,Route du Champ de Manoeuvre,75012,,No,No,No
JARDINETS DE LA RUE DU COLONEL COLONNA D'ORNANO,Small gardens,6   RUE DU  COLONEL COLONNA D'ORNANO,75015,,No,No,No
SQUARE JULIETTE DODU,Walkways,14 RUE JULIETTE DODU,75010,Open,No,No,No
PARC DE PASSY,Walkways,11 AV MARCEL PROUST,75016,Open,No,No,No
Manège Baby Zoo,Woods,29 Route de Ceinture du Lac Daumesnil,75012,,No,No,No
Chalet de Vente Les Bosquettes Dauphine,Woods,13 Allée Fortunée,75016,,No,No,No
Chalet de vente n° 4 Ceinture du Lac,Woods,31 Route de Ceinture du Lac Daumesnil,75012,,No,No,No
Manège Le Chahut,Woods,21 w Avenue de Bel Air,75012,,No,No,No
Les îles du Lac Inférieur,Woods,31 w Chemin de Ceinture du Lac Inférieur,75016,,No,No,No
CIMETIERE DE BERCY,Cemetary,"329, rue de Charenton",75012,Open,No,No,No
Bois de Boulogne,Woods,,75016,Open,No,No,No
Bois de Vincennes,Woods,,75012,Open,No,No,No
Bois de Boulogne,Woods,,75016,Open,No,No,No
ESPACE VERT DE LA PLACE DE L'EDIT DE NANTES,Walkways,2 PLACE DE L' EDIT DE NANTES,75019,,No,No,No
JARDIN DE LA FONDATION D'AUTEUIL,Walkways,40 RUE JEAN FONTAINE,75016,Open,No,No,No
JARDIN DES POETES,Walkways,1 AV PORTE AUTEUIL,75016,Open,No,No,No
Bois de Vincennes,Woods,,75012,Open,No,No,No
ESPLANADE GASTON MONNERVILLE,Walkways,1 PL ANDRE HONNORAT,75006,Open,No,No,No
JARDIN RUE DU CHALET,Walkways,18 RUE CHALET,75010,Open,No,No,No
Bois de Vincennes,Woods,,75012,Open,No,No,No
Bois de Vincennes,Woods,,75012,Open,No,No,No
SQUARE SEVERINE,Walkways,1 AV PORTE BAGNOLET,75020,Open,No,No,Yes
Square du Docteur Jacques-Joseph GRANCHER,Walkways,9 RUE BIDASSOA,75020,Open,No,No,No
SQUARE ELISA BOREY,Walkways,3 RUE ELISA BOREY,75020,Open,Yes,No,No
SQUARE PAUL GRIMAULT,Walkways,28 RUE FONTAINE MULARD,75013,Open,No,No,No
SQUARE LOUISE DE MARILLAC,Walkways,5 PL CHAPELLE,75018,Open,No,No,No
SQUARE DU SERGENT AURELIE-SALEL,Walkways,13 RUE SORBIER,75020,Open,No,No,Yes
JARDIN BIOPARK,Walkways,11 RUE WATT,75013,Open,Yes,No,No
CIMETIERE DE GRENELLE,Cemetary,"174, rue Saint-Charles",75015,Open,No,No,No
JARDIN DE L'AVENUE FOCH - PELOUSE 09,Walkways,10 AV FOCH,75016,Open,Yes,No,No
JARDIN CHARLES TRENET,Walkways,31 RUE BRILLAT SAVARIN,75013,Open,No,No,No
SQUARE BELA BARTOK,Walkways,26 PL BRAZZAVILLE,75015,Open,Yes,No,No
Location de barques du Lac des Minimes,Woods,42 w Route du Grand Prieur,75012,,No,No,No
"SEPE, billetterie, garage quadricycles",Woods,"Parc Floral, aire de jeux",75012,,No,No,No
PROMENADE RICHARD LENOIR SQUARE MAY PICQUERAY,Walkways,35   BOULEVARD RICHARD LENOIR,75011,Open,No,No,No
PROMENADE RICHARD LENOIR REPUBLIQUE-JP TIMBAUD,Walkways,35   BOULEVARD RICHARD LENOIR,75011,,Yes,No,No
CIMETIERE DE PASSY,Cemetary,"2, rue du Commandant-Schloesing",75016,Open,No,No,No
JARDIN D'IMMEUBLES DU BOULEVARD CARNOT,Walkways,2   BOULEVARD CARNOT,75012,Open,Yes,No,No
PARC DE BAGATELLE,Walkways,1 X ROUTE DE SEVRES A NEUILLY,75016,Open,No,No,No
SQUARE DE LA CROIX ROUGE,Walkways,6 W ROUTE DE CEINTURE DU LAC DAUMESNIL,75012,Open,No,No,No
JARDIN DE L'AVENUE FOCH - PELOUSE 12,Walkways,10 AV FOCH,75016,Open,Yes,No,No
SQUARE JEAN XXIII,Walkways,2 QU ARCHEVECHE,75004,Fermé,No,No,No
JARDIN DE LA COUR DE LA FERME SAINT-LAZARE,Walkways,6 SQ ALBAN SATRAGNE,75010,,No,No,No
JARDIN DES FRANCS BOURGEOIS / RUE DES ROSIERS,Walkways,35 RUE FRANCS BOURGEOIS,75004,Open,No,No,No
Jardin d'Isoré,Walkways,1 rue Bézout,75014,Open,Yes,No,No
JARDIN DES TUILERIES,State gardens,,75001,Open,No,No,No
JARDIN DU TRIBUNAL D'INSTANCE DE PARIS,Institution gardens,11 Bis rue Casimir Perrier,75007,,No,No,No
Le Chais de Bagatelle,Woods,10 Route du Champ d'Entraînement,75016,,No,No,No
JARDIN VILLEMIN,Walkways,20 RUE RECOLLETS,75010,Open,No,No,Yes
SQUARE ANDRE BRECHET,Walkways,22 RUE ANDRE BRECHET,75017,Open,No,No,No
SQUARE JEHAN RICTUS,Walkways,14 PL ABBESSES,75018,Open,No,No,No
Musée des Arts et Traditions Populaires,Woods,6 Avenue du Mahatma Gandhi,75016,,No,No,No
La Cipale,Woods,Avenue de Gravelle,75012,,No,No,No
Chalet de vente n° 8,Woods,8 Avenue de Gravelle,75012,,No,No,No
Bosquette de la Photo Hippique,Woods,85 Chemin de Ceinture du Lac Inférieur,75016,,No,No,No
Brigade cynophile - Préfecture de Police,Woods,Avenue de l'Ecole de Joinville,75012,,No,No,No
Théâtre Astral,Woods,"Parc Floral, aire de jeux",75012,,No,No,No
Les Magnolias,Woods,Parc Floral,75012,,No,No,No
Paris Cycles,Woods,Avenue de l'Hippodrome,75016,,No,No,No
JARDIN NATUREL-PIERRE EMMANUEL,Walkways,114 RUE REUNION,75020,,No,No,No
JARDIN DE REUILLY - PAUL PERNIN,Walkways,15 RUE ALBINONI,75012,Open,No,No,No
Ferme de Paris,Woods,25 w Route du Pesage,75012,,No,No,No
Bois de Boulogne,Woods,,75016,Open,No,No,No
Bois de Boulogne,Woods,,75016,Open,No,No,No
SQUARE GARIBALDI,Walkways,141 BD GRENELLE,75015,Open,No,No,No
JARDIN CHRISTIANE DESROCHES NOBLECOURT,Walkways,1 AV ADRIEN HEBRARD,75016,Open,No,No,No
SQUARE BRIGNOLE - MUSEE GALLIERA,Walkways,4 PL TOKYO,75016,,No,No,No
PROMENADE PEREIRE - BAYEN / LEBON,Walkways,47 RUE BAYEN,75017,Open,No,No,No
SQUARE THOMAS JEFFERSON,Walkways,1 PL ETATS UNIS,75016,Open,No,No,No
PROMENADE BERNARD LAFAY - C2,Walkways,4 RUE RAYMOND PITET,75017,Open,No,No,No
SQUARE ERNEST CHAUSSON,Walkways,55 AV CLICHY,75017,Open,No,No,No
Bois de Boulogne,Woods,,75016,Open,No,No,No
Bois de Boulogne,Woods,,75016,Open,No,No,No
JARDIN DU PERE THEILHARD DE CHARDIN,Walkways,10 BOULEVARD HENRI IV,75004,Open,No,No,No
PROMENADE DE LA GARE D'AUTEUIL,Walkways,130 BOULEVARD SUCHET,75016,,No,No,No
Bois de Vincennes,Woods,,75012,Open,No,No,No
Bois de Vincennes,Woods,,75012,Open,No,No,No
JARDIN DE L'AVENUE FOCH - PELOUSE 24,Walkways,10 AV FOCH,75016,Open,Yes,No,No
MAIL DE BIEVRE,Walkways,105 BD AUGUSTE BLANQUI,75013,Open,No,No,No
PROMENADE PEREIRE - LEBON / GUERSANT,Walkways,23 RUE LEBON,75017,Open,No,No,No
JARDIN LUC HOFFMANN,Walkways,10 RUE MAROC,75019,Open,No,No,No
SQUARE JACQUES ANTOINE,Walkways,2 M PL DENFERT ROCHEREAU,75014,Open,Yes,No,No
JARDIN DU GENERAL ANSELIN,Walkways,1 AV POLOGNE,75016,Open,Yes,No,No
Square de la rue des Muriers,Walkways,4 RUE PRUNIERS,75020,Open,No,No,No
SQUARE HENRI CADIOU,Walkways,69 BD ARAGO,75013,Open,No,No,No
SQUARE ALEXANDRE LUQUET,Walkways,2 RUE TRANSVAAL,75020,Open,Yes,No,No
Parc Zoologique de Paris,Woods,65 Avenue de Saint Maurice,75012,Open,No,No,No
Bois de Vincennes,Woods,,75012,Open,No,No,No
SQUARE JEAN LECLAIRE,Walkways,25 B RUE JEAN LECLAIRE,75017,Open,No,No,No
JARDINET DU PASSAGE DES ABBESSES,Small gardens,10   PASSAGE DES ABBESSES,75018,Open,No,No,No
JARDIN DE LA MAISON DE BALZAC,Private gardens,47   RUE RAYNOUARD,75016,,No,No,No
LIAISON FOUGÈRES FLEURY,Walkways,54   RUE LE VAU,75020,,No,No,No
JARDIN DU PRE CATELAN,Walkways,11   CHEMIN DE LA  CROIX CATELAN,75016,Open,No,No,No
JARDIN INSOLITE,Walkways,2  CARREFOUR DE LA PYRAMIDE,75012,Open,No,No,No
JARDIN DE L’ESPLANADE DES GRANDS MOULINS,Walkways,8 RUE MARGUERITE DURAS,75013,Open,Yes,No,No
JARDIN DE L'AVENUE FOCH - PELOUSE 11,Walkways,10 AV FOCH,75016,Open,Yes,No,No
JARDIN DE L'IMPASSE TRUILLOT,Walkways,66 BOULEVARD RICHARD LENOIR,75011,Open,No,No,Yes
TERRAIN DE BOULES BOULEVARD DE REIMS,Walkways,29 BD REIMS,75017,,Yes,No,No
JARDIN DES ARTS,Walkways,18 RUE HOTEL VILLE,75004,Open,No,No,No
SQUARE ANDRE LEFEVRE,Walkways,2 RUE PARCHEMINERIE,75005,Open,No,No,No
SQUARE ERNEST GOUIN,Walkways,2 RUE ERNEST GOUIN,75017,Open,No,No,No
JARDIN DU CARROUSEL,State gardens,,75001,,No,No,No
Stade Roland Garros,Woods,Avenue de la Porte d'Auteuil,75016,,No,No,No
SQUARE SAMUEL BECKETT,Walkways,47 RUE GANDON,75013,Open,No,No,No
JARDIN JEAN-CLAUDE NICOLAS FORESTIER,Walkways,12 RUE THOMIRE,75013,Open,No,No,No
JARDIN RACHMANINOV,Walkways,20 RUE TRISTAN TZARA,75018,Open,No,No,No
Bois de Boulogne,Woods,,75016,Open,No,No,No
Bois de Vincennes,Woods,,75012,Open,No,No,No
JARDIN DU GRAND PAVOIS,Walkways,18 RUE VASCO GAMA,75015,Open,No,No,No
SQUARE HENRI COLLET,Walkways,18 RUE GROS,75016,Open,No,No,No
JARDIN MARIE-THERESE AUFFRAY,Walkways,8 AV SIBELLE,75014,Open,No,No,No
SQUARE EMILE CHAUTEMPS,Walkways,98 B BD SEBASTOPOL,75003,Open,No,No,No
Bois de Boulogne,Woods,,75016,Open,No,No,No
Bois de Boulogne,Woods,,75016,Open,No,No,No
Bois de Boulogne,Woods,,75016,Open,No,No,No
Bois de Boulogne,Woods,,75016,Open,No,No,No
JARDIN DES CEVENNES,Walkways,9 RUE CAUCHY,75015,Open,No,No,No
JARDIN MARIA VERONE,Walkways,2 RUE MOSKOVA,75018,Open,No,No,No
JARDIN LUCIEN FONTANAROSA,Walkways,29 RUE CINO DEL DUCA,75017,Open,No,No,No
JARDIN FRANCOISE HELENE JOURDA,Walkways,20 Q RUE DEPARTEMENT,75018,Open,No,No,No
Bois de Vincennes,Woods,,75012,Open,No,No,No
Bois de Vincennes,Woods,,75012,Open,No,No,No
Bois de Vincennes,Woods,,75012,Open,No,No,No
Jardin rue de PALI-KAO,Walkways,38 RUE PALI KAO,75020,Open,No,No,No
PARC MARCEL BLEUNSTEIN-BLANCHET DIT PARC DE LA TURLURE,Walkways,1 RUE BONNE,75018,Open,No,No,No
SQUARE DU PERE PLUMIER,Walkways,136 RUE VERCINGETORIX,75014,Open,Yes,No,No
Bois de Vincennes,Woods,,75012,Open,No,No,No
Bois de Vincennes,Woods,,75012,Open,No,No,No
Bois de Vincennes,Woods,,75012,Open,No,No,No
Jeu de boules de Vincennes,Woods,16 w Route du Donjon,75012,,No,No,No
Amicale des Pêcheurs,Woods,19 Avenue de la Porte de Charenton,75012,,No,No,No
Cercle Hippique du Bois de Boulogne,Woods,Route de la Muette à Neuilly,75016,,No,No,No
PROMENADE RICHARD LENOIR  SQUARE BREGUET-SABIN (PROMENADE CLAIRE LACOMBE),Walkways,35   BOULEVARD RICHARD LENOIR,75011,Open,No,No,No
JARDINET DE LA PLACE DE FONTENOY,Small gardens,3   PLACE DE FONTENOY,75007,,No,No,No
PLATE BANDE DE LA RUE DES BERNARDINS,Small gardens,4   RUE DES BERNARDINS,75005,,No,No,No
JARDINET DU BOULEVARD VINCENT AURIOL,Small gardens,183 V BOULEVARD VINCENT AURIOL,75013,,No,No,No
CIMETIERE DE CHARONNE,Cemetary,"119, rue de Bagnolet",75020,Open,No,No,No
DECORATION DE LA PLACE ALPHONSE DEVILLE,Decorations,1   PLACE ALPHONSE DEVILLE,75006,,No,No,No
JARDIN DU PASSAGE DE L'HOTEL DE SENS,Walkways,8   RUE DES NONNAINS D HYERES,75004,Open,No,No,No
JARDIN DU CHAMP DE MARS ET PELOUSES DE L'ECOLE MILITAIRE,Walkways,1 AV ANATOLE FRANCE,75007,Open,Yes,No,No
JARDIN DE L'AVENUE FOCH - PELOUSE 20,Walkways,10 AV FOCH,75016,Open,Yes,No,No
JARDIN D'IMMEUBLES GRENADE,Walkways,6 RUE MARSEILLAISE,75019,,Yes,No,No
MAIL MARCEL ACHARD,Walkways,6 PL MARCEL ACHARD,75019,,No,No,No
JARDIN DES ABORDS DU PETIT PALAIS,Walkways,14 COUR REINE,75008,Open,Yes,No,No
SQUARE D'ANVERS,Walkways,3 PL ANVERS,75009,Open,No,No,No
SQUARE SAINT-GILLES - GRAND VENEUR - PAULINE ROLAND,Walkways,15 RUE GRAND VENEUR,75003,Open,No,No,No
SQUARE PIERRE DE GAULLE,Walkways,2 PL PRESIDENT MITHOUARD,75007,Open,No,No,No
Bois de Vincennes,Woods,,75012,Open,No,No,No
Bois de Vincennes,Woods,,75012,Open,No,No,No
SQUARE DANIELLE MITTERAND,Walkways,20 RUE BIEVRE,75005,Open,No,No,No
SQUARE OZANAM,Walkways,91 B BD MONTPARNASSE,75006,Open,No,No,No
SQUARE MARCEL RAJMAN,Walkways,13 RUE MERLIN,75011,Open,No,No,No
SQUARE ALESIA-RIDDER,Walkways,209 RUE ALESIA,75014,Open,No,No,No
COULEE VERTE RENE DUMONT - PROMENADE DU VIADUC DES ARTS,Walkways,113 AV DAUMESNIL,75012,Open,No,No,No
CIMETIÈRE DE GENTILLY,Non parisian cemetary,,75013,,No,No,No
Blockhaus Fayolle,Woods,50 Avenue du Maréchal Fayolle,75016,,No,No,No
Manège Baby Bateau,Woods,29 Route de Ceinture du Lac Daumesnil,75012,,No,No,No
Les Bosquettes Saint James,Woods,6 Allée de Madrid à Neuilly,75016,,No,No,No
COULEE VERTE RENE DUMONT - PROMENADE DE LA RUE DU SAHEL,Walkways,2 RUE SAHEL,75012,Open,No,No,No
SQUARE FERNAND FOUREAU,Walkways,2 AV PORTE VINCENNES,75012,Open,No,No,No
SQUARE HENRI ROUSSELLE,Walkways,6 PL PAUL VERLAINE,75013,Open,No,No,No
SQUARE FREDERIC BAZILLE,Walkways,15 T RUE BARDINET,75014,Open,No,No,No
Bois de Boulogne,Woods,,75016,Open,No,No,No
PARC DES RIVES DE SEINE,Walkways,1 QUAI HENRI IV,75001,,No,No,No
JARDIN DE L'OBSERVATOIRE,Walkways,98 BOULEVARD ARAGO,75014,,No,No,No
SQUARE DU REGARD DE LA LANTERNE,Walkways,3 RUE AUGUSTIN THIERRY,75019,Open,No,No,No
Jardin Emmi Pickler,Walkways,3 RUE OLIVIER METRA,75020,Open,No,No,No
SQUARE CARLO SARRABEZOLLES,Walkways,1 RUE RENE RAVAUD,75015,Fermé,No,No,No
Bois de Boulogne,Woods,,75016,Open,No,No,No
Bois de Vincennes,Woods,,75012,Open,No,No,No
JARDIN DE LA GARE DE REUILLY,Walkways,15 ALL VIVALDI,75012,Open,No,No,No
JARDIN DU CLOS DES BLANCS MANTEAUX,Walkways,21 RUE BLANCS MANTEAUX,75004,Open,No,No,No
JARDIN SAINT-VINCENT,Walkways,17 RUE SAINT VINCENT,75018,,No,No,No
Jardin de la gare de Charonne,Walkways,59 BD DAVOUT,75020,Open,No,No,No
SQUARE COLBERT,Walkways,159 RUE CHARONNE,75011,Open,No,No,No
SQUARE AMADOU HAMPATE BA,Walkways,19 RUE BOY ZELENSKI,75010,Open,Yes,No,No
SQUARE HENRI GALLI,Walkways,9 BD HENRI 4,75004,Open,Yes,No,No
Bois de Vincennes,Woods,,75012,Open,No,No,No
Bois de Vincennes,Woods,,75012,Open,No,No,No
Bois de Vincennes,Woods,,75012,Open,No,No,No
Bois de Vincennes,Woods,,75012,Open,No,No,No
JARDIN NELSON MANDELA,Walkways,32 RUE BERGER,75001,Open,No,No,No
Square de la rue Pixérécourt,Walkways,50 RUE PIXERECOURT,75020,Open,No,No,No
Square des rue des Orteaux et Croix Saint Simon,Walkways,108 RUE ORTEAUX,75020,Open,No,No,No
JARDIN RUE SERPOLLET BD DAVOUT,Walkways,1 RUE SERPOLLET,75020,Open,Yes,No,No
JARDINS DE LA PORTE DE SAINT CLOUD,Walkways,38 AV FERDINAND BUISSON,75016,Open,Yes,No,No
Bois de Vincennes,Woods,,75012,Open,No,No,No
Square de la Salamandre,Walkways,16 X SQ SALAMANDRE,75020,Open,No,No,No
PARC CLICHY-BATIGNOLLES - MARTIN LUTHER KING,Walkways,147 RUE CARDINET,75017,Open,No,No,No
Société de Jeux de Boules de Passy,Woods,39 Avenue de Saint Cloud,75016,,No,No,No
Bois de Vincennes,Woods,,75012,Open,No,No,No
SQUARE JEAN JAURES,Walkways,COURS MARIGNY,94300,,No,,No
SQUARE YVETTE CHAUVIRE,Walkways,25 PL COMMERCE,75015,Open,No,No,No
JARDINET DE LA RUE DE L'AMIRAL MOUCHEZ,Small gardens,72 BIS RUE DE L' AMIRAL MOUCHEZ,75014,,No,No,No
JARDINIERES DE LA PLACE DE LA NATION (12eme),Decorations,2   PLACE DE LA NATION,75012,,Yes,No,No
PROMENADE PC 15 - BALARD - DESNOUETTES - SERRES,Walkways,66 Z RUE LEBLANC,75015,Open,No,No,No
ILE DE REUILLY,Walkways,25 W ROUTE DE CEINTURE DU LAC DAUMESNIL,75012,Open,No,No,No
JARDIN DE L'AVENUE FOCH - PELOUSE 17,Walkways,10 AV FOCH,75016,Open,Yes,No,No
PROMENADE DE L'AVENUE DE BRETEUIL 15E,Walkways,71   AVENUE DE BRETEUIL,75015,,Yes,No,No
SQUARE AUX ARTISTES,Walkways,15 AV GEORGES LAFENESTRE,75014,Open,Yes,No,No
JARDIN DE L'AVENUE FOCH - PELOUSE 21,Walkways,10 AV FOCH,75016,Open,Yes,No,No
SQUARE SAINT-MEDARD,Walkways,34 RUE CENSIER,75005,Open,No,No,No
SQUARE LEO FERRE,Walkways,3 IMP DRUINOT,75012,Open,No,No,No
Bois de Vincennes,Woods,,75012,Open,No,No,No
Bois de Vincennes,Woods,,75012,Open,No,No,No
SQUARE GABRIEL PIERNE,Walkways,9 RUE SEINE,75006,Open,No,No,No
JARDIN DE L'HOPITAL VAUGIRARD,Walkways,389 RUE VAUGIRARD,75015,Open,No,No,No
TERRAIN DE BOULES AVENUE JUNOT,Walkways,8 VOIE M/18,75018,,No,No,No
SQUARE YILMAZ GUNEY,Walkways,25 RUE ECHIQUIER,75010,Open,No,No,No
Annexe Cercle de L'Etrier,Woods,157 w Route de Suresnes,75016,,No,No,No
SQUARE DES CHAMAILLARDS,Walkways,55 RUE CHATEAU RENTIERS,75013,Open,No,No,No
L'Auberge du Bonheur,Woods,Allée de Longchamp,75016,,No,No,No
Théâtre de Marionnettes de Saint Mandé,Woods,5 Avenue de Bel Air,75012,,No,No,No
JARDIN DU PORT DE L'ARSENAL,Walkways,11 BD BASTILLE,75012,Open,No,No,No
SQUARE ALLERAY - SAINT-AMAND,Walkways,90 RUE ALLERAY,75015,,No,No,No
SQUARE MONSEIGNEUR MAILLET,Walkways,2 PL FETES,75019,Open,No,No,No
SQUARE DES SAINTS-SIMONIENS - MENILMONTANT,Walkways,149 RUE MENILMONTANT,75020,Open,No,No,No
SQUARE VAN VOLLENHOVEN,Walkways,5 RUE MARCEL DUBOIS,75012,Open,No,No,No
"Association Escapade Liberté, Mobilité",Woods,Carrefour de la Patte d'Oie,75012,,No,No,No
Bois de Boulogne,Woods,,75016,Open,No,No,No
PROMENADE PC 14 - CORENTIN - JEAN MOULIN,Walkways,39 AVENUE JEAN MOULIN,75014,Open,No,No,No
PARC OMNISPORT SUZANNE LENGLEN,Walkways,7 BD FRERES VOISIN,75015,Open,No,No,No
Manège du Plateau Bel Air,Woods,8 w Avenue de Bel Air,75012,,No,No,No
Bois de Boulogne,Woods,,75016,Open,No,No,No
Bois de Boulogne,Woods,,75016,Open,No,No,No
Bois de Vincennes,Woods,,75012,Open,No,No,No
JARDIN PAUL DIDIER,Walkways,12 RUE COLONEL MANHES,75017,Open,No,No,No
SQUARE DES BATIGNOLLES,Walkways,144 B RUE CARDINET,75017,Open,No,No,No
PROMENADE PEREIRE - LAUGIER / BAYEN,Walkways,51 RUE LAUGIER,75017,Open,No,No,No
COULEE VERTE RENE DUMONT - PROMENADE DE L'AVENUE EMILE LAURENT,Walkways,2 AV EMILE LAURENT,75012,Open,No,No,No
Bois de Vincennes,Woods,,75012,Open,No,No,No
Bois de Vincennes,Woods,,75012,Open,No,No,No
Bois de Vincennes,Woods,,75012,Open,No,No,No
JARDIN FRIDA KAHLO,Walkways,18 RUE NOISY SEC,75020,Open,No,No,No
SQUARE PAUL PARAY,Walkways,24 RUE CHRISTINE PISAN,75017,Open,No,No,No
SQUARE DE LA BUTTE DU CHAPEAU ROUGE,Walkways,4 AV DEBIDOUR,75019,Open,No,No,No
SQUARE DE L'EGLISE NOTRE-DAME DE LA CROIX,Walkways,12 RUE EUPATORIA,75020,Open,No,No,No
PROMENADE PC16 (PETITE CEINTURE),Walkways,55 RUE RAFFET,75016,Open,No,No,No
SQUARE ALFRED CAPUS,Walkways,116 B BD SUCHET,75016,Open,Yes,No,No
SQUARE TARAS CHEVTCHENKO,Walkways,186 BD SAINT GERMAIN,75006,Open,No,No,No
SQUARE CLOS FEUQUIERES - DESNOUETTES,Walkways,12 RUE CLOS FEUQUIERES,75015,Open,No,No,No
SQUARE MARCEL PAGNOL,Walkways,1 PL HENRI BERGSON,75008,Open,No,Yes,No
SQUARE PATURLE,Walkways,1 RUE PATURLE,75014,Open,Yes,No,No
SQUARE ROGER COQUOIN,Walkways,14 AV FERDINAND BUISSON,75016,Open,Yes,No,No
Chalet des Pelouses d'Auteuil,Woods,23 w Route de Boulogne à Passy,75016,,No,No,No
Institut International Bouddhique,Woods,6 w Route de Ceinture du Lac Daumesnil,75012,,No,No,No
Quartier Carnot,Woods,Esplanade Saint Louis,75012,,No,No,No
SQUARE SAINTE-HELENE,Walkways,43 RUE LETORT,75018,Open,No,No,No
JARDINET DE LA PLACE SAINT-ESTEPHE,Small gardens,102   QUAI DE BERCY,75012,,No,No,No
ESPLANADE HABIB BOURGUIBA,Walkways,2 ESPL HABIB BOURGUIBA,75007,Open,Yes,No,No
PROMENADE D'AUSTRALIE 15E,Walkways,74   QUAI BRANLY,75015,,Yes,No,No
JARDIN YITZHAK RABIN,Walkways,16   RUE JOSEPH KESSEL,75012,Open,No,No,No
JARDIN DES MARTYRS JUIFS,Walkways,12 QU GRENELLE,75015,Open,Yes,No,No
JARDINIERES ET PLACETTE LEON BLUM,Walkways,1 PL LEON BLUM,75011,Open,Yes,No,No
JARDIN DE LA PLACE DE LA PORTE DE SAINT-CLOUD,Walkways,2 PL PORTE SAINT CLOUD,75016,Open,Yes,No,No
Jardin de l'îlot Riquet,Walkways,8 RUE DOCTEUR LAMAZE,75019,Open,Yes,No,No
JARDIN DE L'AVENUE FOCH - PELOUSE 15,Walkways,10 AV FOCH,75016,Open,Yes,No,No
JARDIN DE L'AVENUE FOCH - PELOUSE 16,Walkways,10 AV FOCH,75016,Open,Yes,No,No
SQUARE DU TEMPLE,Walkways,50 RUE BRETAGNE,75003,Open,No,No,No
JARDIN CROMOT-DU BOURG,Walkways,9 RUE CADET,75009,,No,No,No
SQUARE JULES VERNE,Walkways,19 RUE ORILLON,75011,Open,No,No,No
JARDINS ROSA LUXEMBOURG,Walkways,22 RUE PAJOL,75018,Open,No,No,No
Le Pavillon des Princes,Woods,69 Avenue de la Porte d'Auteuil,75016,,No,No,No
SQUARE CHARLES-VICTOR LANGLOIS,Walkways,6 RUE BLANCS MANTEAUX,75004,Open,No,No,No
SQUARE ULYSSE TRELAT,Walkways,112 RUE REGNAULT,75013,Open,No,No,No
Chalet de vente Croix Rouge,Woods,13 w Route de Ceinture du Lac Daumesnil,75012,,No,No,No
Association,Woods,2 Carrefour de la Pyramide,75012,,No,No,No
Abri 8 Dépôt Forestier,Woods,15 w Route des Batteries,75012,,No,No,No
Le Bosquet,Woods,Parc Floral,75012,,No,No,No
Hippodrome de Longchamp,Woods,Route des Tribunes,75016,,No,No,No
SQUARE PHILIPPE FARINE,Walkways,12 PAS GATBOIS,75012,Open,No,No,No
JARDIN YACINE KATEB,Walkways,18 RUE WATTEAU,75013,Open,No,No,No
PARC MONTSOURIS,Walkways,28 BD JOURDAN,75014,Open,No,No,Yes
SQUARE PAULY,Walkways,17 RUE PAULY,75014,Open,No,No,No
Bois de Boulogne,Woods,,75016,Open,No,No,No
SQUARE VIOLET,Walkways,4 B PL VIOLET,75015,Open,No,No,No
JARDIN DE L'EGLISE SAINTE-JEANNE DE CHANTAL,Walkways,16 PL PORTE SAINT CLOUD,75016,Open,No,No,No
SQUARE DU PASSAGE MONCEY,Walkways,37 B AV SAINT OUEN,75017,Open,No,No,No
SQUARE ARISTIDE CAVAILLE-COLL,Walkways,8 PL FRANZ LISZT,75010,Open,No,No,No
Bois de Boulogne,Woods,,75016,Open,No,No,No
SQUARE AUGUSTE BALAGNY,Walkways,1 RUE JEAN OESTREICHER,75017,Open,No,No,No
SQUARE DE LA ROQUETTE,Walkways,147 RUE ROQUETTE,75011,Open,No,No,No
Bois de Vincennes,Woods,,75012,Open,No,No,No
PROMENADE BERNARD LAFAY - C1,Walkways,3 RUE RAYMOND PITET,75017,Open,No,No,No
SQUARE JEAN MORIN,Walkways,238 RUE CHARENTON,75012,Open,Yes,No,No
SQUARE YORKTOWN,Walkways,1 AV PAUL DOUMER,75016,Open,No,No,No
SQUARE PAUL PAINLEVE,Walkways,3 PL PAUL PAINLEVE,75005,Open,No,No,No
SQUARE DE LA PLACE PASDELOUP,Walkways,2 PL PASDELOUP,75011,Open,Yes,No,No
Le Petit Jean Bouin,Woods,5-7 avenue de la Porte Molitor,75016,,No,No,No
Manège du Jeu de boules de St Mandé,Woods,15 x Route du Lac de Saint Mandé,75012,,No,No,No
Mail place Saint BLAISE,Walkways,119 RUE BAGNOLET,75020,Open,No,No,No
PROMENADE RICHARD LENOIR TERRAIN DE BOULES JULES FERRY,Walkways,35   BOULEVARD RICHARD LENOIR,75011,,Yes,No,No
JARDINET DE LA PLACE JACQUES BAINVILLE,Small gardens,2   PLACE JACQUES BAINVILLE,75007,,No,No,No
JARDIN D'IMMEUBLES ALBERT BARTHOLOME - BRANCION,Walkways,32 AV ALBERT BARTHOLOME,75015,Open,Yes,No,No
SQUARE JULIA BARTET,Walkways,3 RUE JULIA BARTET,75014,Open,Yes,No,No
PROMENADE DU COURS LA REINE,Walkways,19 X COUR REINE,75008,Open,Yes,No,No
JARDIN DE L'AVENUE FOCH - PELOUSE 01,Walkways,10 AV FOCH,75016,Open,Yes,No,No
SQUARE GEORGES CAIN,Walkways,8 RUE PAYENNE,75003,Open,No,No,No
SQUARE HENRI KARCHER,Walkways,165 RUE PYRENEES,75020,Open,No,No,No
JARDIN DU MONUMENT AUX MERES FRANCAISES,Walkways,29 BD KELLERMANN,75013,Open,No,No,No
Bois de Vincennes,Woods,,75012,Open,No,No,No
SQUARE FERDINAND BRUNOT,Walkways,24 T RUE MOUTON DUVERNET,75014,Open,No,Yes,Yes
Jardin de la place Mohamed Bouazizi,Walkways,place Mohamed Bouazizi,75014,,Yes,No,No
PARC CLICHY BATIGNOLLES - MARTIN LUTHER KING,Walkways,,75017,Open,No,No,No
PARC DE LA VILLETTE,State gardens,211 AVENUE JEAN JAURES,75019,Open,Yes,No,No
INSEP,Woods,Avenue du Tremblay,75012,,No,No,No
Le Pavillon Royal,Woods,Route de la Muette à Neuilly,75016,,No,No,No
CAU Saint-Vincent,Woods,Route du Champ d'Entraînement,75016,,No,No,No
SQUARE SAINT-LAURENT,Walkways,68 BD MAGENTA,75010,Open,No,No,No
JARDIN JAMES JOYCE,Walkways,7 RUE GEORGE BALANCHINE,75013,Open,No,No,No
SQUARE CLAUDE DEBUSSY,Walkways,49 AV MARECHAL FAYOLLE,75016,Open,Yes,No,No
La Grande Cascade,Woods,Allée de Longchamp,75016,,No,No,No
JARDIN DU MOULIN DE LA POINTE,Walkways,22 BD KELLERMANN,75013,Open,No,No,No
SQUARE DE L'ASPIRANT DUNAND,Walkways,20 RUE SAILLARD,75014,Open,No,No,No
JARDIN ROSALIND FRANKLIN,Walkways,167 RUE LOURMEL,75015,Open,No,No,No
SQUARE DE LA RUE BURQ,Walkways,14 RUE BURQ,75018,Open,No,No,No
Bois de Boulogne,Woods,,75016,Open,No,No,No
Pelouse de la Muette,Woods,30 w Chemin de Ceinture du Lac Inférieur,75016,,No,No,No
SQUARE ARMAND DAVID,Walkways,90 RUE DU CHERCHE MIDI,75006,Open,No,No,No
JARDIN PROMENADE CESARIA EVORA,Walkways,2 RUE CESARIA EVORA,75019,Open,No,No,No
SQUARE DU MOULIN DE LA VIERGE,Walkways,125 RUE VERCINGETORIX,75014,Open,No,No,No
JARDIN DU VER TETU,Walkways,10 RUE COLETTE MAGNY,75019,Open,No,No,No
JARDIN DE L'AVENUE FOCH - PELOUSE 06,Walkways,10 AV FOCH,75016,Open,Yes,No,No
SQUARE PAUL ROBIN,Walkways,10 PL HEBERT,75018,Open,No,No,No
COULEE VERTE RENE DUMONT - PROMENADE DES RUES DE PICPUS ET DE REUILLY,Walkways,82 RUE PICPUS,75012,Open,No,No,No
Bois de Vincennes,Woods,,75012,Open,No,No,No
Bois de Vincennes,Woods,,75012,Open,No,No,No
Bois de Vincennes,Woods,,75012,Open,No,No,No
SQUARE DU CARDINAL PETIT DE JULLEVILLE,Walkways,4 RUE GUSTAVE CHARPENTIER,75017,Open,No,No,No
SQUARE DE LA RUE CURIAL,Walkways,85 RUE CURIAL,75019,Open,No,No,No
Jardin de la rue de la Justice,Walkways,60 RUE JUSTICE,75020,Open,No,No,No
SQUARES DES ARENES DE LUTECE ET CAPITAN,Walkways,2 PL EMILE MALE,75005,,No,No,No
SQUARE DU CARDINAL WYSZINSKI,Walkways,72 RUE VERCINGETORIX,75014,Open,Yes,No,No
SQUARE NADAR,Walkways,2 RUE SAINT ELEUTHERE,75018,Open,Yes,No,No
Bois de Vincennes,Woods,,75012,Open,No,No,No
SQUARE THEODORE MONOD,Walkways,23 RUE FER MOULIN,75005,Open,No,No,No
SQUARE AUGUSTE RENOIR,Walkways,205 RUE RAYMOND LOSSERAND,75014,Open,Yes,No,No
Porte Jaune,Woods,Avenue de Nogent,75012,,No,No,No
Bois de Vincennes,Woods,,75012,Open,No,No,No
Square Emmanuel FLEURY,Walkways,40 RUE VAU,75020,Open,No,No,No
JARDINET DE LA PLACED'ITALIE EST,Small gardens,9 V PLACE D' ITALIE,75013,,No,No,No
SQUARE ROLAND DORGELES,Small gardens,25   RUE DES SAULES,75018,,No,No,No
SQUARE ANNA DE NOAILLES,Walkways,46 BD AMIRAL BRUIX,75016,Open,Yes,No,No
JARDINS D'IMMEUBLES PORTE DE VINCENNES SUD (DIT DELAPORTE),Walkways,124 RUE LAGNY,75020,Open,Yes,No,No
JARDIN JULES NOEL,Walkways,1 B AV MAURICE OCAGNE,75014,,Yes,No,No
JARDIN DU RANELAGH,Walkways,22   CHAUSSEE DE LA MUETTE,75016,Open,Yes,No,No
Bois de Vincennes,Woods,,75012,Open,No,No,No
SQUARE FELIX DESRUELLES,Walkways,168 B BD SAINT GERMAIN,75006,Open,No,No,No
PARC DE LA CITÉ UNIVERSITAIRE,Institution gardens,,75014,,No,No,No
CIMETIÈRE DE SAINT-MANDE,Non parisian cemetary,,75012,,No,No,No
Restaurant du Plateau de Gravelle,Woods,9 w Route du Pesage,75012,,No,No,No
La Garde Républicaine,Woods,93 w Avenue de l'Hippodrome,75016,,No,No,No
SQUARE LAURENT PRACHE,Walkways,15 RUE ABBAYE,75006,Open,No,No,No
SQUARE JEAN ALLEMANE,Walkways,9 RUE BELFORT,75011,Open,No,No,No
PARC DE CHOISY,Walkways,128 AV CHOISY,75013,Open,No,No,No
JARDIN DES GRANDS EXPLORATEURS - MARCO POLO ET CAVELIER DE LA SALLE,Walkways,10 AV OBSERVATOIRE,75006,Open,No,No,Yes
Le Chalet de la Croix Catelan,Woods,Route de Suresnes,75016,,No,No,No
Manège Dame Blanche,Woods,9 w Route de la Dame Blanche,75012,,No,No,No
Piscine à boules SEPE,Woods,"Parc Floral, aire de jeux",75012,,No,No,No
CIMETIERE DE BELLEVILLE,Cemetary,"40, rue du Télégraphe",75020,Open,No,No,No
SQUARE GERBERT - BLOMET,Walkways,113 RUE BLOMET,75015,Open,No,No,No
PARC ANDRE CITROEN,Walkways,2 RUE MONTAGNE FAGE,75015,Open,No,No,No
SQUARE DES JARDINIERS,Walkways,4 PAS DUMAS,75011,Open,No,No,No
Bois de Boulogne,Woods,,75016,Open,No,No,No
JARDIN TERESKA TORRES-LEVIN,Walkways,7 RUE LAURE DIEBOLD,75008,Open,No,No,No
SQUARE JEAN CHERIOUX,Walkways,260 RUE VAUGIRARD,75015,Open,No,No,No
SQUARE DE LA RUE RENE BINET,Walkways,42 RUE RENE BINET,75018,Open,No,No,No
SQUARE DES EPINETTES,Walkways,9 RUE MARIA DERAISMES,75017,Open,No,No,No
JARDIN DE VITALY,Walkways,20 RUE FONTARABIE,75020,Open,Yes,No,No
SQUARE MARC SEGUIN,Walkways,27 RUE MARC SEGUIN,75018,Open,No,No,No
SQUARE DE LA FOLIE-REGNAULT,Walkways,24 RUE FOLIE REGNAULT,75011,Open,No,No,No
JARDIN ANNA MARLY,Walkways,25 V AV PORTE VANVES,75014,Open,No,No,No
SQUARE DE LA PLACE DE LA REUNION,Walkways,74 RUE REUNION,75020,Open,No,No,No
Centre Sportif de la Croix Catelan,Woods,Chemin de la Croix Catelan,75016,,No,No,No
Bois de Boulogne,Woods,,75016,Open,No,No,No