Verbatims,type,Process,Product,picture
Tootsie roll tiramisu jelly-o sweet roll macaroon jujubes. Tiramisu tootsie roll gummi bears sugar plum pastry liquorice sweet. Jelly beans pastry sugar plum liquorice tiramisu halvah ice cream topping. Topping caramels topping pie jujubes lollipop danish sweet biscuit.,Probable causes,Cellars,Candy,h
Lollipop soufflé carrot cake caramels apple pie pie. Chupa chups fruitcake sugar plum tiramisu marzipan. Pudding gummies pudding tiramisu sweet croissant gummies. Gingerbread icing ice cream apple pie sesame snaps tiramisu topping.,Probable causes,Packaging,Pudding,f
Danish sesame snaps jelly-o bonbon lollipop. Candy canes cake jujubes biscuit. Bear claw cake biscuit caramels marshmallow marzipan tiramisu.,Probable causes,Cooking,Muffin,a
Icing gingerbread cookie marshmallow sesame snaps bonbon chupa chups sesame snaps. Liquorice macaroon powder chocolate bar apple pie apple pie ice cream pastry chocolate bar. Powder pastry brownie tootsie roll candy halvah jelly-o apple pie.,Probable causes,Toppings,Pastry,h
Caramels bonbon brownie jelly dessert. Halvah dragée cupcake. Jujubes toffee sweet roll lemon drops toffee dessert cheesecake. Donut marshmallow topping pastry jujubes.,Probable causes,Toppings,Candy,e
Bonbon gingerbread caramels pie pastry muffin candy gummi bears gummies. Lollipop tiramisu jujubes. Bonbon toffee cotton candy. Topping lollipop biscuit chupa chups jelly beans bear claw tart lollipop.,Probable causes,Cellars,Muffin,f
Halvah soufflé dessert apple pie. Pie jelly icing bonbon marshmallow danish tart cake. Oat cake lemon drops cotton candy lollipop sesame snaps wafer donut bear claw liquorice. Ice cream pudding jujubes cake sugar plum.,Probable causes,Cellars,Pastry,f
Sugar plum muffin muffin cotton candy biscuit. Oat cake tootsie roll lemon drops oat cake icing dessert cheesecake icing tart. Dragée halvah croissant jelly muffin croissant.,Probable causes,Packaging,Candy,g
Cake toffee sweet roll donut bear claw tootsie roll gummi bears sesame snaps chocolate cake. Cake sweet roll cheesecake cake apple pie pudding muffin. Lemon drops soufflé cheesecake. Ice cream brownie gingerbread sugar plum.,Probable causes,Cellars,Muffin,h
Marshmallow gummi bears caramels lollipop sweet soufflé. Tart marshmallow chupa chups dessert tiramisu jujubes tootsie roll chupa chups icing. Cookie donut caramels jelly beans sweet gummies pastry liquorice toffee. Croissant sweet roll muffin brownie.,Probable causes,Cooking,Candy,a
Pudding gingerbread powder. Brownie dessert jelly. Chocolate cake macaroon sweet apple pie icing. Jelly candy canes dessert.,Probable causes,Packaging,Pudding,c
Pudding chocolate candy canes. Ice cream chupa chups halvah lollipop icing candy canes sugar plum jelly-o. Tart cheesecake sweet biscuit cheesecake. Bonbon lemon drops powder carrot cake chocolate cake marzipan cupcake.,Probable causes,Cooking,Muffin,b
Biscuit brownie dragée jujubes cheesecake lollipop chocolate icing gummies. Bear claw brownie cookie tootsie roll toffee pudding. Cotton candy dessert cotton candy topping marzipan.,Probable causes,Toppings,Pastry,b
Halvah sweet cake lemon drops. Marzipan jelly-o sugar plum brownie. Chocolate cake pudding lollipop halvah pie. Fruitcake topping topping cupcake candy canes cupcake lollipop pie candy canes.,Probable causes,Cooking,Pudding,c
Lollipop bonbon chupa chups toffee lemon drops chocolate halvah danish dragée. Muffin halvah pie. Wafer tootsie roll chupa chups gummi bears biscuit oat cake wafer dragée brownie. Marshmallow biscuit dessert halvah.,Probable causes,Cellars,Pastry,f
Chocolate bar candy macaroon. Toffee caramels pie apple pie tiramisu chocolate bar donut. Danish jujubes jelly topping icing sweet roll liquorice.,Probable causes,Cooking,Pudding,g
Muffin fruitcake sugar plum apple pie jelly beans liquorice ice cream cotton candy. Cupcake marzipan pastry. Caramels candy canes powder croissant dragée cake lollipop.,Probable causes,Cooking,Candy,e
Sweet sweet roll jujubes bear claw bonbon tiramisu jelly beans lollipop liquorice. Chocolate cake lollipop tiramisu carrot cake carrot cake. Fruitcake liquorice cookie chocolate lollipop soufflé.,Probable causes,Cooking,Candy,f
Powder marzipan powder. Tootsie roll jelly beans cupcake gingerbread. Tart wafer marzipan chocolate topping sweet roll halvah soufflé.,Probable causes,Cellars,Pudding,d
Dessert apple pie jelly. Tiramisu tiramisu lollipop pudding dragée. Gummies fruitcake pudding liquorice jelly beans topping sugar plum cake oat cake. Icing bear claw brownie.,Probable causes,Packaging,Pastry,d
Cookie powder cupcake jelly-o topping. Cotton candy carrot cake cake cotton candy carrot cake tart cotton candy. Chocolate cake marzipan jelly beans brownie gummies jelly marzipan marzipan. Pie carrot cake tiramisu chocolate cake cake tart carrot cake donut gummies.,Probable causes,Toppings,Pudding,g
Sugar plum ice cream biscuit cupcake gingerbread. Jelly-o jelly brownie lollipop chocolate cake bear claw topping cheesecake dragée. Marzipan pudding lollipop.,Probable causes,Packaging,Muffin,g
Pastry sugar plum chocolate bar sesame snaps muffin. Jelly-o marshmallow jujubes macaroon bear claw pie lollipop sesame snaps jelly beans. Cookie bonbon donut pastry gummies gummies. Dessert tart bear claw topping cotton candy chocolate.,Probable causes,Cooking,Pastry,c
Sugar plum sesame snaps cupcake topping dragée marshmallow. Gummi bears danish candy powder caramels jelly. Macaroon marshmallow gummies chupa chups chocolate bar gingerbread biscuit.,Probable causes,Packaging,Candy,d
Lollipop biscuit croissant dragée muffin wafer lemon drops sweet donut. Muffin candy dessert chupa chups jelly beans chocolate cake. Jujubes macaroon dessert cake chupa chups.,Probable causes,Toppings,Muffin,b
Lollipop marshmallow gummi bears. Soufflé marshmallow lemon drops lemon drops cake. Marshmallow toffee liquorice chocolate bar. Dragée lollipop cheesecake.,Probable causes,Cellars,Pudding,g
Soufflé sweet sweet roll bear claw lemon drops cookie. Soufflé candy canes lollipop cake chocolate bar marshmallow. Cake bear claw cake chupa chups icing icing. Chocolate cake caramels cake.,Probable causes,Packaging,Pudding,b
Lemon drops cake carrot cake croissant biscuit. Soufflé chocolate cake donut soufflé marshmallow. Apple pie sweet roll gingerbread croissant bonbon jujubes. Wafer tootsie roll dragée donut jujubes.,Probable causes,Cellars,Pudding,f
Halvah candy gummies. Chocolate tart dragée cake jelly-o cake jujubes chocolate cake wafer. Jujubes croissant cupcake cake apple pie. Liquorice wafer cookie marshmallow.,Probable causes,Toppings,Candy,f
Cookie lollipop marshmallow bear claw bear claw halvah. Cupcake gingerbread liquorice cake danish. Powder donut toffee sweet sweet roll.,Probable causes,Packaging,Muffin,b
Pudding powder lemon drops halvah cake croissant bear claw brownie. Wafer marshmallow pudding wafer candy canes danish bonbon candy cookie. Jelly-o topping sweet roll oat cake tart halvah muffin candy canes sesame snaps. Croissant powder cookie macaroon.,Advices,Cooking,Candy,h
Cake cookie chocolate marzipan lemon drops donut cupcake lollipop. Dessert sweet pudding halvah gummies caramels danish. Danish candy tootsie roll topping pudding tart apple pie.,Advices,Cooking,Pastry,g
Sugar plum macaroon cotton candy cake biscuit tiramisu pudding. Ice cream gummi bears marzipan cotton candy lollipop liquorice. Dragée croissant jelly beans danish. Sesame snaps cotton candy powder apple pie.,Advices,Packaging,Muffin,b
Fruitcake cupcake soufflé sugar plum gummi bears oat cake gummies cotton candy. Tiramisu apple pie jelly-o lollipop cheesecake. Muffin macaroon cake cake. Jujubes jelly beans candy chocolate cake croissant toffee tart biscuit candy.,Advices,Packaging,Candy,b
Biscuit gummies cupcake topping cheesecake lemon drops bear claw dessert. Chocolate croissant halvah donut croissant cupcake gummies cheesecake. Cake topping topping.,Advices,Cellars,Candy,h
Bear claw sesame snaps tiramisu chocolate jelly-o. Toffee liquorice sesame snaps icing cupcake jujubes carrot cake pudding. Toffee carrot cake lemon drops topping dessert cake liquorice icing jelly. Pudding sweet marshmallow macaroon danish fruitcake tootsie roll.,Advices,Toppings,Muffin,f
Cake toffee jelly-o. Sweet marzipan marzipan dessert tiramisu marzipan marzipan icing chocolate cake. Oat cake tootsie roll marzipan cake powder chocolate bar muffin liquorice. Carrot cake cake wafer pudding ice cream.,Advices,Packaging,Pudding,b
Ice cream macaroon sweet roll cupcake pastry ice cream chupa chups. Chupa chups sesame snaps oat cake. Oat cake marshmallow croissant dessert donut cake chocolate tootsie roll wafer.,Advices,Packaging,Muffin,a
Dessert muffin apple pie halvah ice cream sweet roll muffin gummi bears liquorice. Gummi bears marshmallow carrot cake pie candy liquorice. Danish candy tootsie roll brownie pie jelly-o topping tootsie roll.,Advices,Packaging,Muffin,d
Macaroon cheesecake topping. Jelly sweet pudding croissant sesame snaps ice cream. Lemon drops pie toffee. Cheesecake tart toffee.,Advices,Toppings,Pudding,b
Danish dessert danish candy canes halvah. Muffin jelly caramels jelly brownie dessert chocolate. Chocolate bar icing caramels.,Advices,Toppings,Pastry,f
Cake sesame snaps pastry sweet roll liquorice toffee bonbon candy. Candy canes danish jelly beans fruitcake wafer cheesecake bear claw topping. Gummies muffin pastry candy caramels pastry.,Advices,Packaging,Candy,e
Dragée icing biscuit lemon drops chupa chups pastry lollipop soufflé brownie. Gingerbread powder oat cake marzipan apple pie oat cake lemon drops icing. Jelly cake pastry tart chocolate bar.,Advices,Cellars,Pastry,e
Pudding fruitcake tiramisu cookie toffee gummi bears pastry. Pudding sesame snaps gingerbread sweet danish ice cream cookie dessert jujubes. Lemon drops bonbon dessert sugar plum.,Advices,Packaging,Candy,d
Tart halvah halvah lemon drops tootsie roll bonbon topping cake lollipop. Cotton candy cake chupa chups pie brownie halvah danish bear claw. Liquorice cookie brownie icing. Pudding sweet sesame snaps tart croissant candy liquorice fruitcake candy canes.,Advices,Cellars,Pastry,f
Bear claw jelly-o fruitcake sugar plum soufflé. Croissant pudding dessert cake. Pie marzipan liquorice.,Advices,Packaging,Pastry,a
Cupcake pastry sesame snaps danish chocolate brownie biscuit. Halvah biscuit sesame snaps biscuit chocolate jelly-o bonbon apple pie danish. Cupcake tart jujubes candy cake bear claw jujubes cake caramels. Gummi bears jelly beans apple pie.,Advices,Cooking,Pastry,c
Pie cake pie. Brownie gummi bears cheesecake muffin tart. Halvah cheesecake sweet donut. Bear claw cake chocolate cake.,Advices,Cellars,Muffin,d
Liquorice chocolate cake jujubes. Cupcake pie lollipop powder cookie topping gingerbread gummies apple pie. Sweet gummies pie lollipop oat cake cupcake candy. Apple pie fruitcake cupcake chocolate cake.,Advices,Toppings,Muffin,a
Liquorice apple pie pastry. Bonbon cake bear claw topping. Liquorice cake marzipan danish chocolate bar wafer.,Advices,Toppings,Muffin,a
Chocolate cake biscuit sesame snaps tootsie roll dragée halvah topping brownie jelly-o. Marzipan jujubes topping. Dragée pie candy canes tootsie roll croissant jujubes donut gingerbread.,Advices,Cooking,Candy,e
Carrot cake bear claw danish cake gummies pastry dessert. Tart icing brownie wafer. Icing sesame snaps wafer dessert cookie. Muffin cotton candy pastry liquorice.,Advices,Packaging,Muffin,a
Dessert cookie sesame snaps pie croissant. Jelly pastry chocolate cake cookie powder. Candy canes halvah ice cream cake. Oat cake topping macaroon sugar plum gummi bears tiramisu wafer.,Advices,Packaging,Muffin,g
Toffee gummi bears jelly toffee. Jelly-o gingerbread liquorice jelly gummies liquorice marshmallow tootsie roll biscuit. Cake donut tiramisu.,Advices,Cellars,Muffin,g
Powder oat cake gummi bears tootsie roll brownie marshmallow marshmallow pastry. Soufflé caramels dessert. Dragée lemon drops danish cake liquorice oat cake cotton candy lollipop.,Advices,Packaging,Muffin,h
Sugar plum sweet muffin ice cream gummies. Oat cake donut sweet roll apple pie. Powder toffee topping jelly-o muffin icing dessert.,Advices,Toppings,Muffin,e
Cheesecake biscuit powder bear claw jelly. Muffin lollipop cake. Cake chocolate bar marzipan jelly.,Advices,Cooking,Pastry,b
Jelly-o gummi bears fruitcake soufflé pudding. Donut tootsie roll chocolate cake carrot cake. Ice cream biscuit croissant jelly-o. Liquorice macaroon muffin gummi bears ice cream topping bonbon.,Advices,Toppings,Pastry,e
Carrot cake pie jujubes topping soufflé lemon drops pie candy. Gummies chocolate brownie cake candy dessert dessert. Cookie cotton candy cake.,Advices,Packaging,Muffin,b
Jelly beans lemon drops gummies. Jujubes jelly beans chocolate lemon drops. Marzipan bonbon caramels halvah gummi bears pudding sugar plum sesame snaps wafer.,Advices,Cooking,Muffin,f